,LAND,TID,SITC,INDHOLD
11,Afghanistan,2018,Diverse fremstillede varer,239
12,Afghanistan,2019,Diverse fremstillede varer,55
13,Afghanistan,2020,Diverse fremstillede varer,31
14,Afghanistan,2021,Diverse fremstillede varer,84
26,Albanien,2018,Diverse fremstillede varer,766
27,Albanien,2019,Diverse fremstillede varer,622
28,Albanien,2020,Diverse fremstillede varer,559
29,Albanien,2021,Diverse fremstillede varer,474
41,Algeriet,2018,Diverse fremstillede varer,0
42,Algeriet,2019,Diverse fremstillede varer,0
43,Algeriet,2020,Diverse fremstillede varer,0
44,Algeriet,2021,Diverse fremstillede varer,0
56,Amerikansk Oceanien,2018,Diverse fremstillede varer,0
57,Amerikansk Oceanien,2019,Diverse fremstillede varer,0
58,Amerikansk Oceanien,2020,Diverse fremstillede varer,0
59,Amerikansk Oceanien,2021,Diverse fremstillede varer,0
71,Amerikansk Samoa,2018,Diverse fremstillede varer,0
72,Amerikansk Samoa,2019,Diverse fremstillede varer,0
73,Amerikansk Samoa,2020,Diverse fremstillede varer,0
74,Amerikansk Samoa,2021,Diverse fremstillede varer,0
86,Amerikanske Jomfruøer,2018,Diverse fremstillede varer,0
87,Amerikanske Jomfruøer,2019,Diverse fremstillede varer,3
88,Amerikanske Jomfruøer,2020,Diverse fremstillede varer,0
89,Amerikanske Jomfruøer,2021,Diverse fremstillede varer,4
101,Andorra,2018,Diverse fremstillede varer,0
102,Andorra,2019,Diverse fremstillede varer,0
103,Andorra,2020,Diverse fremstillede varer,0
104,Andorra,2021,Diverse fremstillede varer,145
116,Angola,2018,Diverse fremstillede varer,0
117,Angola,2019,Diverse fremstillede varer,0
118,Angola,2020,Diverse fremstillede varer,0
119,Angola,2021,Diverse fremstillede varer,0
131,Anguilla,2018,Diverse fremstillede varer,0
132,Anguilla,2019,Diverse fremstillede varer,0
133,Anguilla,2020,Diverse fremstillede varer,0
134,Anguilla,2021,Diverse fremstillede varer,0
146,Antarktis,2018,Diverse fremstillede varer,0
147,Antarktis,2019,Diverse fremstillede varer,0
148,Antarktis,2020,Diverse fremstillede varer,0
149,Antarktis,2021,Diverse fremstillede varer,0
161,Antigua og Barbuda,2018,Diverse fremstillede varer,0
162,Antigua og Barbuda,2019,Diverse fremstillede varer,30
163,Antigua og Barbuda,2020,Diverse fremstillede varer,0
164,Antigua og Barbuda,2021,Diverse fremstillede varer,27
176,Argentina,2018,Diverse fremstillede varer,1757
177,Argentina,2019,Diverse fremstillede varer,572
178,Argentina,2020,Diverse fremstillede varer,684
179,Argentina,2021,Diverse fremstillede varer,906
191,Armenien,2018,Diverse fremstillede varer,0
192,Armenien,2019,Diverse fremstillede varer,0
193,Armenien,2020,Diverse fremstillede varer,2
194,Armenien,2021,Diverse fremstillede varer,0
206,Aruba,2018,Diverse fremstillede varer,2
207,Aruba,2019,Diverse fremstillede varer,0
208,Aruba,2020,Diverse fremstillede varer,0
209,Aruba,2021,Diverse fremstillede varer,0
221,Aserbajdsjan,2018,Diverse fremstillede varer,12
222,Aserbajdsjan,2019,Diverse fremstillede varer,0
223,Aserbajdsjan,2020,Diverse fremstillede varer,0
224,Aserbajdsjan,2021,Diverse fremstillede varer,0
236,Australien,2018,Diverse fremstillede varer,1361
237,Australien,2019,Diverse fremstillede varer,2776
238,Australien,2020,Diverse fremstillede varer,4681
239,Australien,2021,Diverse fremstillede varer,2135
251,Australsk Oceanien,2018,Diverse fremstillede varer,0
252,Australsk Oceanien,2019,Diverse fremstillede varer,0
253,Australsk Oceanien,2020,Diverse fremstillede varer,0
254,Australsk Oceanien,2021,Diverse fremstillede varer,0
266,Bahamas,2018,Diverse fremstillede varer,0
267,Bahamas,2019,Diverse fremstillede varer,0
268,Bahamas,2020,Diverse fremstillede varer,0
269,Bahamas,2021,Diverse fremstillede varer,0
281,Bahrain,2018,Diverse fremstillede varer,3859
282,Bahrain,2019,Diverse fremstillede varer,4928
283,Bahrain,2020,Diverse fremstillede varer,7875
284,Bahrain,2021,Diverse fremstillede varer,16070
296,Bangladesh,2018,Diverse fremstillede varer,62279
297,Bangladesh,2019,Diverse fremstillede varer,42571
298,Bangladesh,2020,Diverse fremstillede varer,54214
299,Bangladesh,2021,Diverse fremstillede varer,79803
311,Barbados,2018,Diverse fremstillede varer,0
312,Barbados,2019,Diverse fremstillede varer,0
313,Barbados,2020,Diverse fremstillede varer,0
314,Barbados,2021,Diverse fremstillede varer,0
326,Belarus,2018,Diverse fremstillede varer,37555
327,Belarus,2019,Diverse fremstillede varer,51082
328,Belarus,2020,Diverse fremstillede varer,76044
329,Belarus,2021,Diverse fremstillede varer,141853
341,Belgien,2018,Diverse fremstillede varer,334662
342,Belgien,2019,Diverse fremstillede varer,348783
343,Belgien,2020,Diverse fremstillede varer,417298
344,Belgien,2021,Diverse fremstillede varer,533085
356,Belize,2018,Diverse fremstillede varer,0
357,Belize,2019,Diverse fremstillede varer,0
358,Belize,2020,Diverse fremstillede varer,0
359,Belize,2021,Diverse fremstillede varer,0
371,Benin,2018,Diverse fremstillede varer,0
372,Benin,2019,Diverse fremstillede varer,0
373,Benin,2020,Diverse fremstillede varer,0
374,Benin,2021,Diverse fremstillede varer,0
386,Bermuda,2018,Diverse fremstillede varer,0
387,Bermuda,2019,Diverse fremstillede varer,0
388,Bermuda,2020,Diverse fremstillede varer,0
389,Bermuda,2021,Diverse fremstillede varer,0
401,Bhutan,2018,Diverse fremstillede varer,2
402,Bhutan,2019,Diverse fremstillede varer,0
403,Bhutan,2020,Diverse fremstillede varer,0
404,Bhutan,2021,Diverse fremstillede varer,0
416,Bolivia,2018,Diverse fremstillede varer,2730
417,Bolivia,2019,Diverse fremstillede varer,4568
418,Bolivia,2020,Diverse fremstillede varer,925
419,Bolivia,2021,Diverse fremstillede varer,2977
431,"Bonaire, Sint Eustatius og Saba",2018,Diverse fremstillede varer,0
432,"Bonaire, Sint Eustatius og Saba",2019,Diverse fremstillede varer,0
433,"Bonaire, Sint Eustatius og Saba",2020,Diverse fremstillede varer,0
434,"Bonaire, Sint Eustatius og Saba",2021,Diverse fremstillede varer,0
446,Bosnien-Hercegovina,2018,Diverse fremstillede varer,29945
447,Bosnien-Hercegovina,2019,Diverse fremstillede varer,34491
448,Bosnien-Hercegovina,2020,Diverse fremstillede varer,42670
449,Bosnien-Hercegovina,2021,Diverse fremstillede varer,76088
461,Botswana,2018,Diverse fremstillede varer,0
462,Botswana,2019,Diverse fremstillede varer,0
463,Botswana,2020,Diverse fremstillede varer,0
464,Botswana,2021,Diverse fremstillede varer,0
476,Bouvetøen,2018,Diverse fremstillede varer,0
477,Bouvetøen,2019,Diverse fremstillede varer,0
478,Bouvetøen,2020,Diverse fremstillede varer,0
479,Bouvetøen,2021,Diverse fremstillede varer,0
491,Brasilien,2018,Diverse fremstillede varer,166316
492,Brasilien,2019,Diverse fremstillede varer,82710
493,Brasilien,2020,Diverse fremstillede varer,100400
494,Brasilien,2021,Diverse fremstillede varer,114448
506,Britisk Oceanien,2018,Diverse fremstillede varer,0
507,Britisk Oceanien,2019,Diverse fremstillede varer,0
508,Britisk Oceanien,2020,Diverse fremstillede varer,0
509,Britisk Oceanien,2021,Diverse fremstillede varer,399
521,Britiske Jomfruøer,2018,Diverse fremstillede varer,0
522,Britiske Jomfruøer,2019,Diverse fremstillede varer,0
523,Britiske Jomfruøer,2020,Diverse fremstillede varer,0
524,Britiske Jomfruøer,2021,Diverse fremstillede varer,0
536,Britiske territorium i det Indiske Ocean,2018,Diverse fremstillede varer,0
537,Britiske territorium i det Indiske Ocean,2019,Diverse fremstillede varer,0
538,Britiske territorium i det Indiske Ocean,2020,Diverse fremstillede varer,0
539,Britiske territorium i det Indiske Ocean,2021,Diverse fremstillede varer,0
551,Brunei,2018,Diverse fremstillede varer,15
552,Brunei,2019,Diverse fremstillede varer,0
553,Brunei,2020,Diverse fremstillede varer,54
554,Brunei,2021,Diverse fremstillede varer,61
566,Bulgarien,2018,Diverse fremstillede varer,148747
567,Bulgarien,2019,Diverse fremstillede varer,158353
568,Bulgarien,2020,Diverse fremstillede varer,236530
569,Bulgarien,2021,Diverse fremstillede varer,272107
581,Burkina Faso,2018,Diverse fremstillede varer,0
582,Burkina Faso,2019,Diverse fremstillede varer,5
583,Burkina Faso,2020,Diverse fremstillede varer,11
584,Burkina Faso,2021,Diverse fremstillede varer,62
596,Burundi,2018,Diverse fremstillede varer,0
597,Burundi,2019,Diverse fremstillede varer,0
598,Burundi,2020,Diverse fremstillede varer,0
599,Burundi,2021,Diverse fremstillede varer,0
611,Cambodja,2018,Diverse fremstillede varer,484
612,Cambodja,2019,Diverse fremstillede varer,954
613,Cambodja,2020,Diverse fremstillede varer,3089
614,Cambodja,2021,Diverse fremstillede varer,4651
626,Cameroun,2018,Diverse fremstillede varer,179
627,Cameroun,2019,Diverse fremstillede varer,161
628,Cameroun,2020,Diverse fremstillede varer,6
629,Cameroun,2021,Diverse fremstillede varer,336
641,Canada,2018,Diverse fremstillede varer,14283
642,Canada,2019,Diverse fremstillede varer,8825
643,Canada,2020,Diverse fremstillede varer,5699
644,Canada,2021,Diverse fremstillede varer,8528
656,Caymanøerne,2018,Diverse fremstillede varer,0
657,Caymanøerne,2019,Diverse fremstillede varer,0
658,Caymanøerne,2020,Diverse fremstillede varer,0
659,Caymanøerne,2021,Diverse fremstillede varer,0
671,Centralafrikanske Republik,2018,Diverse fremstillede varer,0
672,Centralafrikanske Republik,2019,Diverse fremstillede varer,0
673,Centralafrikanske Republik,2020,Diverse fremstillede varer,0
674,Centralafrikanske Republik,2021,Diverse fremstillede varer,9
686,Ceuta,2018,Diverse fremstillede varer,0
687,Ceuta,2019,Diverse fremstillede varer,0
688,Ceuta,2020,Diverse fremstillede varer,0
689,Ceuta,2021,Diverse fremstillede varer,0
701,Chile,2018,Diverse fremstillede varer,99440
702,Chile,2019,Diverse fremstillede varer,90978
703,Chile,2020,Diverse fremstillede varer,102360
704,Chile,2021,Diverse fremstillede varer,96480
716,Cocosøerne,2018,Diverse fremstillede varer,0
717,Cocosøerne,2019,Diverse fremstillede varer,0
718,Cocosøerne,2020,Diverse fremstillede varer,0
719,Cocosøerne,2021,Diverse fremstillede varer,0
731,Colombia,2018,Diverse fremstillede varer,107
732,Colombia,2019,Diverse fremstillede varer,176
733,Colombia,2020,Diverse fremstillede varer,563
734,Colombia,2021,Diverse fremstillede varer,37
746,Comorerne,2018,Diverse fremstillede varer,0
747,Comorerne,2019,Diverse fremstillede varer,0
748,Comorerne,2020,Diverse fremstillede varer,0
749,Comorerne,2021,Diverse fremstillede varer,0
761,"Congo, Demokratiske Republik",2018,Diverse fremstillede varer,0
762,"Congo, Demokratiske Republik",2019,Diverse fremstillede varer,21
763,"Congo, Demokratiske Republik",2020,Diverse fremstillede varer,0
764,"Congo, Demokratiske Republik",2021,Diverse fremstillede varer,3
776,"Congo, Republikken",2018,Diverse fremstillede varer,0
777,"Congo, Republikken",2019,Diverse fremstillede varer,348
778,"Congo, Republikken",2020,Diverse fremstillede varer,5
779,"Congo, Republikken",2021,Diverse fremstillede varer,0
791,Cookøerne,2018,Diverse fremstillede varer,0
792,Cookøerne,2019,Diverse fremstillede varer,115
793,Cookøerne,2020,Diverse fremstillede varer,0
794,Cookøerne,2021,Diverse fremstillede varer,0
806,Costa Rica,2018,Diverse fremstillede varer,0
807,Costa Rica,2019,Diverse fremstillede varer,0
808,Costa Rica,2020,Diverse fremstillede varer,4
809,Costa Rica,2021,Diverse fremstillede varer,0
821,Cuba,2018,Diverse fremstillede varer,0
822,Cuba,2019,Diverse fremstillede varer,0
823,Cuba,2020,Diverse fremstillede varer,0
824,Cuba,2021,Diverse fremstillede varer,0
836,Curacao,2018,Diverse fremstillede varer,0
837,Curacao,2019,Diverse fremstillede varer,0
838,Curacao,2020,Diverse fremstillede varer,0
839,Curacao,2021,Diverse fremstillede varer,64
851,Cypern,2018,Diverse fremstillede varer,760
852,Cypern,2019,Diverse fremstillede varer,349
853,Cypern,2020,Diverse fremstillede varer,1670
854,Cypern,2021,Diverse fremstillede varer,1371
866,DDR,2018,Diverse fremstillede varer,0
867,DDR,2019,Diverse fremstillede varer,0
868,DDR,2020,Diverse fremstillede varer,0
869,DDR,2021,Diverse fremstillede varer,0
881,Diskretioneret,2018,Diverse fremstillede varer,0
882,Diskretioneret,2019,Diverse fremstillede varer,0
883,Diskretioneret,2020,Diverse fremstillede varer,0
884,Diskretioneret,2021,Diverse fremstillede varer,0
896,Djibouti,2018,Diverse fremstillede varer,0
897,Djibouti,2019,Diverse fremstillede varer,0
898,Djibouti,2020,Diverse fremstillede varer,0
899,Djibouti,2021,Diverse fremstillede varer,0
911,Dominica,2018,Diverse fremstillede varer,0
912,Dominica,2019,Diverse fremstillede varer,5
913,Dominica,2020,Diverse fremstillede varer,0
914,Dominica,2021,Diverse fremstillede varer,0
926,Dominikanske Republik,2018,Diverse fremstillede varer,44
927,Dominikanske Republik,2019,Diverse fremstillede varer,1264
928,Dominikanske Republik,2020,Diverse fremstillede varer,308
929,Dominikanske Republik,2021,Diverse fremstillede varer,38
941,Ecuador,2018,Diverse fremstillede varer,47944
942,Ecuador,2019,Diverse fremstillede varer,38368
943,Ecuador,2020,Diverse fremstillede varer,80629
944,Ecuador,2021,Diverse fremstillede varer,32160
956,Egypten,2018,Diverse fremstillede varer,36248
957,Egypten,2019,Diverse fremstillede varer,27129
958,Egypten,2020,Diverse fremstillede varer,18983
959,Egypten,2021,Diverse fremstillede varer,17657
971,El Salvador,2018,Diverse fremstillede varer,103
972,El Salvador,2019,Diverse fremstillede varer,319
973,El Salvador,2020,Diverse fremstillede varer,60
974,El Salvador,2021,Diverse fremstillede varer,105
986,Elfenbenskysten,2018,Diverse fremstillede varer,6061
987,Elfenbenskysten,2019,Diverse fremstillede varer,5898
988,Elfenbenskysten,2020,Diverse fremstillede varer,4933
989,Elfenbenskysten,2021,Diverse fremstillede varer,5150
1001,Eritrea,2018,Diverse fremstillede varer,0
1002,Eritrea,2019,Diverse fremstillede varer,0
1003,Eritrea,2020,Diverse fremstillede varer,0
1004,Eritrea,2021,Diverse fremstillede varer,0
1016,Estland,2018,Diverse fremstillede varer,709455
1017,Estland,2019,Diverse fremstillede varer,704375
1018,Estland,2020,Diverse fremstillede varer,703164
1019,Estland,2021,Diverse fremstillede varer,719985
1031,Eswantini,2018,Diverse fremstillede varer,0
1032,Eswantini,2019,Diverse fremstillede varer,0
1033,Eswantini,2020,Diverse fremstillede varer,0
1034,Eswantini,2021,Diverse fremstillede varer,0
1046,Etiopien,2018,Diverse fremstillede varer,15
1047,Etiopien,2019,Diverse fremstillede varer,14
1048,Etiopien,2020,Diverse fremstillede varer,18
1049,Etiopien,2021,Diverse fremstillede varer,45
1061,Falklandsøerne,2018,Diverse fremstillede varer,0
1062,Falklandsøerne,2019,Diverse fremstillede varer,0
1063,Falklandsøerne,2020,Diverse fremstillede varer,0
1064,Falklandsøerne,2021,Diverse fremstillede varer,0
1076,Fiji,2018,Diverse fremstillede varer,102
1077,Fiji,2019,Diverse fremstillede varer,49
1078,Fiji,2020,Diverse fremstillede varer,33
1079,Fiji,2021,Diverse fremstillede varer,143
1091,Filippinerne,2018,Diverse fremstillede varer,8427
1092,Filippinerne,2019,Diverse fremstillede varer,7796
1093,Filippinerne,2020,Diverse fremstillede varer,6436
1094,Filippinerne,2021,Diverse fremstillede varer,5948
1106,Finland,2018,Diverse fremstillede varer,391823
1107,Finland,2019,Diverse fremstillede varer,297419
1108,Finland,2020,Diverse fremstillede varer,283753
1109,Finland,2021,Diverse fremstillede varer,405462
1121,Forenede Arabiske Emirater,2018,Diverse fremstillede varer,3232
1122,Forenede Arabiske Emirater,2019,Diverse fremstillede varer,3772
1123,Forenede Arabiske Emirater,2020,Diverse fremstillede varer,3157
1124,Forenede Arabiske Emirater,2021,Diverse fremstillede varer,5579
1136,Frankrig og Monaco,2018,Diverse fremstillede varer,271868
1137,Frankrig og Monaco,2019,Diverse fremstillede varer,312514
1138,Frankrig og Monaco,2020,Diverse fremstillede varer,364168
1139,Frankrig og Monaco,2021,Diverse fremstillede varer,456252
1151,Fransk Guyana,2018,Diverse fremstillede varer,0
1152,Fransk Guyana,2019,Diverse fremstillede varer,0
1153,Fransk Guyana,2020,Diverse fremstillede varer,0
1154,Fransk Guyana,2021,Diverse fremstillede varer,0
1166,Fransk Polynesien,2018,Diverse fremstillede varer,0
1167,Fransk Polynesien,2019,Diverse fremstillede varer,0
1168,Fransk Polynesien,2020,Diverse fremstillede varer,0
1169,Fransk Polynesien,2021,Diverse fremstillede varer,0
1181,Franske besiddelser i det sydlige Indiske Ocean,2018,Diverse fremstillede varer,0
1182,Franske besiddelser i det sydlige Indiske Ocean,2019,Diverse fremstillede varer,0
1183,Franske besiddelser i det sydlige Indiske Ocean,2020,Diverse fremstillede varer,1
1184,Franske besiddelser i det sydlige Indiske Ocean,2021,Diverse fremstillede varer,1
1196,Fremmede tropper i Tyskland,2018,Diverse fremstillede varer,0
1197,Fremmede tropper i Tyskland,2019,Diverse fremstillede varer,0
1198,Fremmede tropper i Tyskland,2020,Diverse fremstillede varer,0
1199,Fremmede tropper i Tyskland,2021,Diverse fremstillede varer,0
1211,Færøerne,2018,Diverse fremstillede varer,343
1212,Færøerne,2019,Diverse fremstillede varer,982
1213,Færøerne,2020,Diverse fremstillede varer,1351
1214,Færøerne,2021,Diverse fremstillede varer,2010
1226,Gabon,2018,Diverse fremstillede varer,346
1227,Gabon,2019,Diverse fremstillede varer,334
1228,Gabon,2020,Diverse fremstillede varer,0
1229,Gabon,2021,Diverse fremstillede varer,0
1241,Gambia,2018,Diverse fremstillede varer,0
1242,Gambia,2019,Diverse fremstillede varer,0
1243,Gambia,2020,Diverse fremstillede varer,3
1244,Gambia,2021,Diverse fremstillede varer,0
1256,Gaza og Jericho,2018,Diverse fremstillede varer,0
1257,Gaza og Jericho,2019,Diverse fremstillede varer,0
1258,Gaza og Jericho,2020,Diverse fremstillede varer,0
1259,Gaza og Jericho,2021,Diverse fremstillede varer,0
1271,Georgien,2018,Diverse fremstillede varer,0
1272,Georgien,2019,Diverse fremstillede varer,0
1273,Georgien,2020,Diverse fremstillede varer,3
1274,Georgien,2021,Diverse fremstillede varer,0
1286,Ghana,2018,Diverse fremstillede varer,3302
1287,Ghana,2019,Diverse fremstillede varer,3498
1288,Ghana,2020,Diverse fremstillede varer,2686
1289,Ghana,2021,Diverse fremstillede varer,5830
1301,Gibraltar,2018,Diverse fremstillede varer,0
1302,Gibraltar,2019,Diverse fremstillede varer,2
1303,Gibraltar,2020,Diverse fremstillede varer,0
1304,Gibraltar,2021,Diverse fremstillede varer,2
1316,Grenada,2018,Diverse fremstillede varer,0
1317,Grenada,2019,Diverse fremstillede varer,30
1318,Grenada,2020,Diverse fremstillede varer,0
1319,Grenada,2021,Diverse fremstillede varer,1
1331,Grækenland,2018,Diverse fremstillede varer,17603
1332,Grækenland,2019,Diverse fremstillede varer,15928
1333,Grækenland,2020,Diverse fremstillede varer,18155
1334,Grækenland,2021,Diverse fremstillede varer,13223
1346,Grønland,2018,Diverse fremstillede varer,1798
1347,Grønland,2019,Diverse fremstillede varer,2113
1348,Grønland,2020,Diverse fremstillede varer,2073
1349,Grønland,2021,Diverse fremstillede varer,3634
1361,Guadeloupe,2018,Diverse fremstillede varer,0
1362,Guadeloupe,2019,Diverse fremstillede varer,0
1363,Guadeloupe,2020,Diverse fremstillede varer,0
1364,Guadeloupe,2021,Diverse fremstillede varer,0
1376,Guam,2018,Diverse fremstillede varer,0
1377,Guam,2019,Diverse fremstillede varer,0
1378,Guam,2020,Diverse fremstillede varer,0
1379,Guam,2021,Diverse fremstillede varer,0
1391,Guatemala,2018,Diverse fremstillede varer,63
1392,Guatemala,2019,Diverse fremstillede varer,3
1393,Guatemala,2020,Diverse fremstillede varer,6
1394,Guatemala,2021,Diverse fremstillede varer,17
1406,Guinea,2018,Diverse fremstillede varer,0
1407,Guinea,2019,Diverse fremstillede varer,0
1408,Guinea,2020,Diverse fremstillede varer,0
1409,Guinea,2021,Diverse fremstillede varer,0
1421,Guinea-Bissau,2018,Diverse fremstillede varer,0
1422,Guinea-Bissau,2019,Diverse fremstillede varer,0
1423,Guinea-Bissau,2020,Diverse fremstillede varer,0
1424,Guinea-Bissau,2021,Diverse fremstillede varer,0
1436,Guyana,2018,Diverse fremstillede varer,0
1437,Guyana,2019,Diverse fremstillede varer,0
1438,Guyana,2020,Diverse fremstillede varer,287
1439,Guyana,2021,Diverse fremstillede varer,607
1451,Haiti,2018,Diverse fremstillede varer,0
1452,Haiti,2019,Diverse fremstillede varer,0
1453,Haiti,2020,Diverse fremstillede varer,1
1454,Haiti,2021,Diverse fremstillede varer,0
1466,Heard- og McDonaldøerne,2018,Diverse fremstillede varer,0
1467,Heard- og McDonaldøerne,2019,Diverse fremstillede varer,110
1468,Heard- og McDonaldøerne,2020,Diverse fremstillede varer,0
1469,Heard- og McDonaldøerne,2021,Diverse fremstillede varer,0
1481,Honduras,2018,Diverse fremstillede varer,199
1482,Honduras,2019,Diverse fremstillede varer,196
1483,Honduras,2020,Diverse fremstillede varer,0
1484,Honduras,2021,Diverse fremstillede varer,104
1496,Hongkong,2018,Diverse fremstillede varer,18884
1497,Hongkong,2019,Diverse fremstillede varer,18321
1498,Hongkong,2020,Diverse fremstillede varer,31915
1499,Hongkong,2021,Diverse fremstillede varer,88189
1511,Indien,2018,Diverse fremstillede varer,696022
1512,Indien,2019,Diverse fremstillede varer,698803
1513,Indien,2020,Diverse fremstillede varer,632554
1514,Indien,2021,Diverse fremstillede varer,990045
1526,Indonesien,2018,Diverse fremstillede varer,157825
1527,Indonesien,2019,Diverse fremstillede varer,163556
1528,Indonesien,2020,Diverse fremstillede varer,183083
1529,Indonesien,2021,Diverse fremstillede varer,260659
1541,Irak,2018,Diverse fremstillede varer,0
1542,Irak,2019,Diverse fremstillede varer,2
1543,Irak,2020,Diverse fremstillede varer,0
1544,Irak,2021,Diverse fremstillede varer,69
1556,Iran,2018,Diverse fremstillede varer,31296
1557,Iran,2019,Diverse fremstillede varer,17445
1558,Iran,2020,Diverse fremstillede varer,13007
1559,Iran,2021,Diverse fremstillede varer,19282
1571,Irland,2018,Diverse fremstillede varer,36608
1572,Irland,2019,Diverse fremstillede varer,39529
1573,Irland,2020,Diverse fremstillede varer,34498
1574,Irland,2021,Diverse fremstillede varer,35441
1586,Island,2018,Diverse fremstillede varer,2299
1587,Island,2019,Diverse fremstillede varer,2783
1588,Island,2020,Diverse fremstillede varer,2196
1589,Island,2021,Diverse fremstillede varer,3927
1601,Israel,2018,Diverse fremstillede varer,17257
1602,Israel,2019,Diverse fremstillede varer,15393
1603,Israel,2020,Diverse fremstillede varer,24946
1604,Israel,2021,Diverse fremstillede varer,33504
1616,Italien,2018,Diverse fremstillede varer,1019710
1617,Italien,2019,Diverse fremstillede varer,989648
1618,Italien,2020,Diverse fremstillede varer,1053499
1619,Italien,2021,Diverse fremstillede varer,1307204
1631,Jamaica,2018,Diverse fremstillede varer,0
1632,Jamaica,2019,Diverse fremstillede varer,2
1633,Jamaica,2020,Diverse fremstillede varer,0
1634,Jamaica,2021,Diverse fremstillede varer,4
1646,Japan,2018,Diverse fremstillede varer,61288
1647,Japan,2019,Diverse fremstillede varer,55488
1648,Japan,2020,Diverse fremstillede varer,42483
1649,Japan,2021,Diverse fremstillede varer,58011
1661,Jordan,2018,Diverse fremstillede varer,8
1662,Jordan,2019,Diverse fremstillede varer,0
1663,Jordan,2020,Diverse fremstillede varer,9
1664,Jordan,2021,Diverse fremstillede varer,106
1676,Jugoslavien,2018,Diverse fremstillede varer,0
1677,Jugoslavien,2019,Diverse fremstillede varer,0
1678,Jugoslavien,2020,Diverse fremstillede varer,0
1679,Jugoslavien,2021,Diverse fremstillede varer,0
1691,Juleøen,2018,Diverse fremstillede varer,0
1692,Juleøen,2019,Diverse fremstillede varer,0
1693,Juleøen,2020,Diverse fremstillede varer,0
1694,Juleøen,2021,Diverse fremstillede varer,0
1706,Kanariske Øer,2018,Diverse fremstillede varer,0
1707,Kanariske Øer,2019,Diverse fremstillede varer,0
1708,Kanariske Øer,2020,Diverse fremstillede varer,0
1709,Kanariske Øer,2021,Diverse fremstillede varer,0
1721,Kap Verde,2018,Diverse fremstillede varer,6
1722,Kap Verde,2019,Diverse fremstillede varer,0
1723,Kap Verde,2020,Diverse fremstillede varer,0
1724,Kap Verde,2021,Diverse fremstillede varer,0
1736,Kasakhstan,2018,Diverse fremstillede varer,425
1737,Kasakhstan,2019,Diverse fremstillede varer,407
1738,Kasakhstan,2020,Diverse fremstillede varer,380
1739,Kasakhstan,2021,Diverse fremstillede varer,1
1751,Kenya,2018,Diverse fremstillede varer,367
1752,Kenya,2019,Diverse fremstillede varer,348
1753,Kenya,2020,Diverse fremstillede varer,75
1754,Kenya,2021,Diverse fremstillede varer,166
1766,Kina,2018,Diverse fremstillede varer,3863700
1767,Kina,2019,Diverse fremstillede varer,4063689
1768,Kina,2020,Diverse fremstillede varer,5025577
1769,Kina,2021,Diverse fremstillede varer,5975069
1781,Kirgisistan,2018,Diverse fremstillede varer,3
1782,Kirgisistan,2019,Diverse fremstillede varer,0
1783,Kirgisistan,2020,Diverse fremstillede varer,0
1784,Kirgisistan,2021,Diverse fremstillede varer,10
1796,Kosovo,2018,Diverse fremstillede varer,271
1797,Kosovo,2019,Diverse fremstillede varer,682
1798,Kosovo,2020,Diverse fremstillede varer,64
1799,Kosovo,2021,Diverse fremstillede varer,694
1811,Kroatien,2018,Diverse fremstillede varer,37006
1812,Kroatien,2019,Diverse fremstillede varer,40721
1813,Kroatien,2020,Diverse fremstillede varer,49391
1814,Kroatien,2021,Diverse fremstillede varer,58730
1826,Kuwait,2018,Diverse fremstillede varer,115
1827,Kuwait,2019,Diverse fremstillede varer,9
1828,Kuwait,2020,Diverse fremstillede varer,2
1829,Kuwait,2021,Diverse fremstillede varer,37
1841,Laos,2018,Diverse fremstillede varer,26
1842,Laos,2019,Diverse fremstillede varer,66
1843,Laos,2020,Diverse fremstillede varer,5
1844,Laos,2021,Diverse fremstillede varer,6
1856,Lesotho,2018,Diverse fremstillede varer,0
1857,Lesotho,2019,Diverse fremstillede varer,0
1858,Lesotho,2020,Diverse fremstillede varer,0
1859,Lesotho,2021,Diverse fremstillede varer,0
1871,Letland,2018,Diverse fremstillede varer,544058
1872,Letland,2019,Diverse fremstillede varer,552131
1873,Letland,2020,Diverse fremstillede varer,732518
1874,Letland,2021,Diverse fremstillede varer,1203886
1886,Libanon,2018,Diverse fremstillede varer,50
1887,Libanon,2019,Diverse fremstillede varer,49
1888,Libanon,2020,Diverse fremstillede varer,44
1889,Libanon,2021,Diverse fremstillede varer,288
1901,Liberia,2018,Diverse fremstillede varer,473
1902,Liberia,2019,Diverse fremstillede varer,0
1903,Liberia,2020,Diverse fremstillede varer,0
1904,Liberia,2021,Diverse fremstillede varer,0
1916,Libyen,2018,Diverse fremstillede varer,0
1917,Libyen,2019,Diverse fremstillede varer,0
1918,Libyen,2020,Diverse fremstillede varer,0
1919,Libyen,2021,Diverse fremstillede varer,0
1931,Liechtenstein,2018,Diverse fremstillede varer,5
1932,Liechtenstein,2019,Diverse fremstillede varer,6
1933,Liechtenstein,2020,Diverse fremstillede varer,0
1934,Liechtenstein,2021,Diverse fremstillede varer,5
1946,Litauen,2018,Diverse fremstillede varer,1241040
1947,Litauen,2019,Diverse fremstillede varer,1220834
1948,Litauen,2020,Diverse fremstillede varer,1370341
1949,Litauen,2021,Diverse fremstillede varer,1665274
1961,Luxembourg,2018,Diverse fremstillede varer,11766
1962,Luxembourg,2019,Diverse fremstillede varer,11544
1963,Luxembourg,2020,Diverse fremstillede varer,7676
1964,Luxembourg,2021,Diverse fremstillede varer,11831
1976,Macao,2018,Diverse fremstillede varer,0
1977,Macao,2019,Diverse fremstillede varer,0
1978,Macao,2020,Diverse fremstillede varer,0
1979,Macao,2021,Diverse fremstillede varer,110
1991,Madagaskar,2018,Diverse fremstillede varer,208
1992,Madagaskar,2019,Diverse fremstillede varer,64
1993,Madagaskar,2020,Diverse fremstillede varer,161
1994,Madagaskar,2021,Diverse fremstillede varer,68
2006,Malawi,2018,Diverse fremstillede varer,0
2007,Malawi,2019,Diverse fremstillede varer,125
2008,Malawi,2020,Diverse fremstillede varer,132
2009,Malawi,2021,Diverse fremstillede varer,428
2021,Malaysia,2018,Diverse fremstillede varer,96401
2022,Malaysia,2019,Diverse fremstillede varer,93787
2023,Malaysia,2020,Diverse fremstillede varer,99860
2024,Malaysia,2021,Diverse fremstillede varer,84847
2036,Maldiverne,2018,Diverse fremstillede varer,0
2037,Maldiverne,2019,Diverse fremstillede varer,0
2038,Maldiverne,2020,Diverse fremstillede varer,0
2039,Maldiverne,2021,Diverse fremstillede varer,0
2051,Mali,2018,Diverse fremstillede varer,0
2052,Mali,2019,Diverse fremstillede varer,0
2053,Mali,2020,Diverse fremstillede varer,0
2054,Mali,2021,Diverse fremstillede varer,1
2066,Malta,2018,Diverse fremstillede varer,165
2067,Malta,2019,Diverse fremstillede varer,215
2068,Malta,2020,Diverse fremstillede varer,252
2069,Malta,2021,Diverse fremstillede varer,468
2081,Marokko,2018,Diverse fremstillede varer,3153
2082,Marokko,2019,Diverse fremstillede varer,2523
2083,Marokko,2020,Diverse fremstillede varer,3320
2084,Marokko,2021,Diverse fremstillede varer,4790
2096,Marshalløerne,2018,Diverse fremstillede varer,0
2097,Marshalløerne,2019,Diverse fremstillede varer,0
2098,Marshalløerne,2020,Diverse fremstillede varer,0
2099,Marshalløerne,2021,Diverse fremstillede varer,0
2111,Martinique,2018,Diverse fremstillede varer,0
2112,Martinique,2019,Diverse fremstillede varer,0
2113,Martinique,2020,Diverse fremstillede varer,0
2114,Martinique,2021,Diverse fremstillede varer,0
2126,Mauritanien,2018,Diverse fremstillede varer,0
2127,Mauritanien,2019,Diverse fremstillede varer,0
2128,Mauritanien,2020,Diverse fremstillede varer,0
2129,Mauritanien,2021,Diverse fremstillede varer,0
2141,Mauritius,2018,Diverse fremstillede varer,312
2142,Mauritius,2019,Diverse fremstillede varer,32
2143,Mauritius,2020,Diverse fremstillede varer,92
2144,Mauritius,2021,Diverse fremstillede varer,0
2156,Mayotte,2018,Diverse fremstillede varer,0
2157,Mayotte,2019,Diverse fremstillede varer,0
2158,Mayotte,2020,Diverse fremstillede varer,0
2159,Mayotte,2021,Diverse fremstillede varer,0
2171,Melilla,2018,Diverse fremstillede varer,0
2172,Melilla,2019,Diverse fremstillede varer,0
2173,Melilla,2020,Diverse fremstillede varer,0
2174,Melilla,2021,Diverse fremstillede varer,0
2186,Mexico,2018,Diverse fremstillede varer,910
2187,Mexico,2019,Diverse fremstillede varer,1524
2188,Mexico,2020,Diverse fremstillede varer,1580
2189,Mexico,2021,Diverse fremstillede varer,1393
2201,Mikronesiske Stater,2018,Diverse fremstillede varer,0
2202,Mikronesiske Stater,2019,Diverse fremstillede varer,0
2203,Mikronesiske Stater,2020,Diverse fremstillede varer,0
2204,Mikronesiske Stater,2021,Diverse fremstillede varer,0
2216,Moldova,2018,Diverse fremstillede varer,0
2217,Moldova,2019,Diverse fremstillede varer,43
2218,Moldova,2020,Diverse fremstillede varer,105
2219,Moldova,2021,Diverse fremstillede varer,0
2231,Mongoliet,2018,Diverse fremstillede varer,13
2232,Mongoliet,2019,Diverse fremstillede varer,5
2233,Mongoliet,2020,Diverse fremstillede varer,11
2234,Mongoliet,2021,Diverse fremstillede varer,24
2246,Montenegro,2018,Diverse fremstillede varer,0
2247,Montenegro,2019,Diverse fremstillede varer,0
2248,Montenegro,2020,Diverse fremstillede varer,0
2249,Montenegro,2021,Diverse fremstillede varer,0
2261,Montenegro (2005-2006),2018,Diverse fremstillede varer,0
2262,Montenegro (2005-2006),2019,Diverse fremstillede varer,0
2263,Montenegro (2005-2006),2020,Diverse fremstillede varer,0
2264,Montenegro (2005-2006),2021,Diverse fremstillede varer,0
2276,Montserrat,2018,Diverse fremstillede varer,0
2277,Montserrat,2019,Diverse fremstillede varer,0
2278,Montserrat,2020,Diverse fremstillede varer,0
2279,Montserrat,2021,Diverse fremstillede varer,0
2291,Mozambique,2018,Diverse fremstillede varer,1055
2292,Mozambique,2019,Diverse fremstillede varer,267
2293,Mozambique,2020,Diverse fremstillede varer,267
2294,Mozambique,2021,Diverse fremstillede varer,0
2306,Myanmar,2018,Diverse fremstillede varer,750
2307,Myanmar,2019,Diverse fremstillede varer,316
2308,Myanmar,2020,Diverse fremstillede varer,633
2309,Myanmar,2021,Diverse fremstillede varer,1167
2321,Namibia,2018,Diverse fremstillede varer,791
2322,Namibia,2019,Diverse fremstillede varer,513
2323,Namibia,2020,Diverse fremstillede varer,373
2324,Namibia,2021,Diverse fremstillede varer,388
2336,Nauru,2018,Diverse fremstillede varer,0
2337,Nauru,2019,Diverse fremstillede varer,0
2338,Nauru,2020,Diverse fremstillede varer,0
2339,Nauru,2021,Diverse fremstillede varer,2
2351,Nederlandene,2018,Diverse fremstillede varer,991874
2352,Nederlandene,2019,Diverse fremstillede varer,1026428
2353,Nederlandene,2020,Diverse fremstillede varer,1184156
2354,Nederlandene,2021,Diverse fremstillede varer,1582933
2366,Nederlandske Antiller,2018,Diverse fremstillede varer,0
2367,Nederlandske Antiller,2019,Diverse fremstillede varer,0
2368,Nederlandske Antiller,2020,Diverse fremstillede varer,0
2369,Nederlandske Antiller,2021,Diverse fremstillede varer,0
2381,Nepal,2018,Diverse fremstillede varer,9882
2382,Nepal,2019,Diverse fremstillede varer,7213
2383,Nepal,2020,Diverse fremstillede varer,7136
2384,Nepal,2021,Diverse fremstillede varer,10389
2396,New Zealand,2018,Diverse fremstillede varer,4444
2397,New Zealand,2019,Diverse fremstillede varer,2338
2398,New Zealand,2020,Diverse fremstillede varer,2128
2399,New Zealand,2021,Diverse fremstillede varer,3949
2411,New Zealandsk Oceanien,2018,Diverse fremstillede varer,0
2412,New Zealandsk Oceanien,2019,Diverse fremstillede varer,0
2413,New Zealandsk Oceanien,2020,Diverse fremstillede varer,0
2414,New Zealandsk Oceanien,2021,Diverse fremstillede varer,0
2426,Nicaragua,2018,Diverse fremstillede varer,87
2427,Nicaragua,2019,Diverse fremstillede varer,18
2428,Nicaragua,2020,Diverse fremstillede varer,5
2429,Nicaragua,2021,Diverse fremstillede varer,47
2441,Niger,2018,Diverse fremstillede varer,0
2442,Niger,2019,Diverse fremstillede varer,0
2443,Niger,2020,Diverse fremstillede varer,0
2444,Niger,2021,Diverse fremstillede varer,3
2456,Nigeria,2018,Diverse fremstillede varer,14
2457,Nigeria,2019,Diverse fremstillede varer,10
2458,Nigeria,2020,Diverse fremstillede varer,6
2459,Nigeria,2021,Diverse fremstillede varer,34
2471,Niue,2018,Diverse fremstillede varer,0
2472,Niue,2019,Diverse fremstillede varer,0
2473,Niue,2020,Diverse fremstillede varer,0
2474,Niue,2021,Diverse fremstillede varer,0
2486,Nordkorea,2018,Diverse fremstillede varer,0
2487,Nordkorea,2019,Diverse fremstillede varer,0
2488,Nordkorea,2020,Diverse fremstillede varer,0
2489,Nordkorea,2021,Diverse fremstillede varer,29
2501,Nordmakedonien,2018,Diverse fremstillede varer,4108
2502,Nordmakedonien,2019,Diverse fremstillede varer,3392
2503,Nordmakedonien,2020,Diverse fremstillede varer,1163
2504,Nordmakedonien,2021,Diverse fremstillede varer,383
2516,Nordmarianerne,2018,Diverse fremstillede varer,0
2517,Nordmarianerne,2019,Diverse fremstillede varer,0
2518,Nordmarianerne,2020,Diverse fremstillede varer,0
2519,Nordmarianerne,2021,Diverse fremstillede varer,0
2531,Norfolkøen,2018,Diverse fremstillede varer,0
2532,Norfolkøen,2019,Diverse fremstillede varer,0
2533,Norfolkøen,2020,Diverse fremstillede varer,0
2534,Norfolkøen,2021,Diverse fremstillede varer,0
2546,Norge,2018,Diverse fremstillede varer,556137
2547,Norge,2019,Diverse fremstillede varer,616775
2548,Norge,2020,Diverse fremstillede varer,679187
2549,Norge,2021,Diverse fremstillede varer,733026
2561,Ny Kaledonien,2018,Diverse fremstillede varer,0
2562,Ny Kaledonien,2019,Diverse fremstillede varer,0
2563,Ny Kaledonien,2020,Diverse fremstillede varer,0
2564,Ny Kaledonien,2021,Diverse fremstillede varer,0
2576,Oman,2018,Diverse fremstillede varer,5
2577,Oman,2019,Diverse fremstillede varer,26
2578,Oman,2020,Diverse fremstillede varer,0
2579,Oman,2021,Diverse fremstillede varer,10
2591,Pakistan,2018,Diverse fremstillede varer,359985
2592,Pakistan,2019,Diverse fremstillede varer,423601
2593,Pakistan,2020,Diverse fremstillede varer,385212
2594,Pakistan,2021,Diverse fremstillede varer,505571
2606,Palau,2018,Diverse fremstillede varer,0
2607,Palau,2019,Diverse fremstillede varer,0
2608,Palau,2020,Diverse fremstillede varer,0
2609,Palau,2021,Diverse fremstillede varer,0
2621,Panama,2018,Diverse fremstillede varer,0
2622,Panama,2019,Diverse fremstillede varer,0
2623,Panama,2020,Diverse fremstillede varer,507
2624,Panama,2021,Diverse fremstillede varer,60
2636,Panamakanalzonen,2018,Diverse fremstillede varer,0
2637,Panamakanalzonen,2019,Diverse fremstillede varer,0
2638,Panamakanalzonen,2020,Diverse fremstillede varer,0
2639,Panamakanalzonen,2021,Diverse fremstillede varer,0
2651,Papua Ny Guinea,2018,Diverse fremstillede varer,0
2652,Papua Ny Guinea,2019,Diverse fremstillede varer,0
2653,Papua Ny Guinea,2020,Diverse fremstillede varer,0
2654,Papua Ny Guinea,2021,Diverse fremstillede varer,0
2666,Paraguay,2018,Diverse fremstillede varer,0
2667,Paraguay,2019,Diverse fremstillede varer,0
2668,Paraguay,2020,Diverse fremstillede varer,1590
2669,Paraguay,2021,Diverse fremstillede varer,3301
2681,Peru,2018,Diverse fremstillede varer,17198
2682,Peru,2019,Diverse fremstillede varer,30153
2683,Peru,2020,Diverse fremstillede varer,23586
2684,Peru,2021,Diverse fremstillede varer,56804
2696,Pitcairn,2018,Diverse fremstillede varer,0
2697,Pitcairn,2019,Diverse fremstillede varer,0
2698,Pitcairn,2020,Diverse fremstillede varer,0
2699,Pitcairn,2021,Diverse fremstillede varer,0
2711,Polarområder,2018,Diverse fremstillede varer,0
2712,Polarområder,2019,Diverse fremstillede varer,0
2713,Polarområder,2020,Diverse fremstillede varer,0
2714,Polarområder,2021,Diverse fremstillede varer,0
2726,Polen,2018,Diverse fremstillede varer,3252879
2727,Polen,2019,Diverse fremstillede varer,3422243
2728,Polen,2020,Diverse fremstillede varer,3554099
2729,Polen,2021,Diverse fremstillede varer,4438946
2741,Portugal,2018,Diverse fremstillede varer,232881
2742,Portugal,2019,Diverse fremstillede varer,219810
2743,Portugal,2020,Diverse fremstillede varer,215689
2744,Portugal,2021,Diverse fremstillede varer,329674
2756,Portugisisk Timor,2018,Diverse fremstillede varer,0
2757,Portugisisk Timor,2019,Diverse fremstillede varer,0
2758,Portugisisk Timor,2020,Diverse fremstillede varer,0
2759,Portugisisk Timor,2021,Diverse fremstillede varer,0
2771,Puerto Rico,2018,Diverse fremstillede varer,0
2772,Puerto Rico,2019,Diverse fremstillede varer,0
2773,Puerto Rico,2020,Diverse fremstillede varer,0
2774,Puerto Rico,2021,Diverse fremstillede varer,0
2786,Qatar,2018,Diverse fremstillede varer,85
2787,Qatar,2019,Diverse fremstillede varer,0
2788,Qatar,2020,Diverse fremstillede varer,188
2789,Qatar,2021,Diverse fremstillede varer,17
2801,Reunion,2018,Diverse fremstillede varer,0
2802,Reunion,2019,Diverse fremstillede varer,0
2803,Reunion,2020,Diverse fremstillede varer,0
2804,Reunion,2021,Diverse fremstillede varer,0
2816,Rumænien,2018,Diverse fremstillede varer,195315
2817,Rumænien,2019,Diverse fremstillede varer,211440
2818,Rumænien,2020,Diverse fremstillede varer,236809
2819,Rumænien,2021,Diverse fremstillede varer,337839
2831,Rusland,2018,Diverse fremstillede varer,118581
2832,Rusland,2019,Diverse fremstillede varer,109643
2833,Rusland,2020,Diverse fremstillede varer,86985
2834,Rusland,2021,Diverse fremstillede varer,174019
2846,Rwanda,2018,Diverse fremstillede varer,0
2847,Rwanda,2019,Diverse fremstillede varer,0
2848,Rwanda,2020,Diverse fremstillede varer,0
2849,Rwanda,2021,Diverse fremstillede varer,1
2861,Saint-Barthelemy,2018,Diverse fremstillede varer,0
2862,Saint-Barthelemy,2019,Diverse fremstillede varer,0
2863,Saint-Barthelemy,2020,Diverse fremstillede varer,0
2864,Saint-Barthelemy,2021,Diverse fremstillede varer,0
2876,Salomonøerne,2018,Diverse fremstillede varer,0
2877,Salomonøerne,2019,Diverse fremstillede varer,0
2878,Salomonøerne,2020,Diverse fremstillede varer,0
2879,Salomonøerne,2021,Diverse fremstillede varer,0
2891,Samoa,2018,Diverse fremstillede varer,0
2892,Samoa,2019,Diverse fremstillede varer,0
2893,Samoa,2020,Diverse fremstillede varer,1
2894,Samoa,2021,Diverse fremstillede varer,0
2906,San Marino,2018,Diverse fremstillede varer,531
2907,San Marino,2019,Diverse fremstillede varer,2
2908,San Marino,2020,Diverse fremstillede varer,0
2909,San Marino,2021,Diverse fremstillede varer,0
2921,Sao Tomé og  Principe,2018,Diverse fremstillede varer,0
2922,Sao Tomé og  Principe,2019,Diverse fremstillede varer,0
2923,Sao Tomé og  Principe,2020,Diverse fremstillede varer,0
2924,Sao Tomé og  Principe,2021,Diverse fremstillede varer,0
2936,Saudi-Arabien,2018,Diverse fremstillede varer,2147
2937,Saudi-Arabien,2019,Diverse fremstillede varer,211
2938,Saudi-Arabien,2020,Diverse fremstillede varer,5
2939,Saudi-Arabien,2021,Diverse fremstillede varer,333
2951,Schweiz,2018,Diverse fremstillede varer,25003
2952,Schweiz,2019,Diverse fremstillede varer,31648
2953,Schweiz,2020,Diverse fremstillede varer,32952
2954,Schweiz,2021,Diverse fremstillede varer,29251
2966,Senegal,2018,Diverse fremstillede varer,650
2967,Senegal,2019,Diverse fremstillede varer,54
2968,Senegal,2020,Diverse fremstillede varer,48
2969,Senegal,2021,Diverse fremstillede varer,77
2981,Serbien,2018,Diverse fremstillede varer,64387
2982,Serbien,2019,Diverse fremstillede varer,72947
2983,Serbien,2020,Diverse fremstillede varer,73987
2984,Serbien,2021,Diverse fremstillede varer,80367
2996,Seychellerne,2018,Diverse fremstillede varer,0
2997,Seychellerne,2019,Diverse fremstillede varer,0
2998,Seychellerne,2020,Diverse fremstillede varer,0
2999,Seychellerne,2021,Diverse fremstillede varer,0
3011,Sierra Leone,2018,Diverse fremstillede varer,1
3012,Sierra Leone,2019,Diverse fremstillede varer,0
3013,Sierra Leone,2020,Diverse fremstillede varer,0
3014,Sierra Leone,2021,Diverse fremstillede varer,154
3026,Singapore,2018,Diverse fremstillede varer,781
3027,Singapore,2019,Diverse fremstillede varer,469
3028,Singapore,2020,Diverse fremstillede varer,832
3029,Singapore,2021,Diverse fremstillede varer,2259
3041,Skt. Helena,2018,Diverse fremstillede varer,2
3042,Skt. Helena,2019,Diverse fremstillede varer,0
3043,Skt. Helena,2020,Diverse fremstillede varer,0
3044,Skt. Helena,2021,Diverse fremstillede varer,0
3056,Skt. Kitts og Nevis,2018,Diverse fremstillede varer,0
3057,Skt. Kitts og Nevis,2019,Diverse fremstillede varer,0
3058,Skt. Kitts og Nevis,2020,Diverse fremstillede varer,0
3059,Skt. Kitts og Nevis,2021,Diverse fremstillede varer,0
3071,Skt. Lucia,2018,Diverse fremstillede varer,0
3072,Skt. Lucia,2019,Diverse fremstillede varer,0
3073,Skt. Lucia,2020,Diverse fremstillede varer,1
3074,Skt. Lucia,2021,Diverse fremstillede varer,1
3086,Skt. Martin (NL),2018,Diverse fremstillede varer,0
3087,Skt. Martin (NL),2019,Diverse fremstillede varer,0
3088,Skt. Martin (NL),2020,Diverse fremstillede varer,0
3089,Skt. Martin (NL),2021,Diverse fremstillede varer,4
3101,Skt. Pierre og Miquelon,2018,Diverse fremstillede varer,0
3102,Skt. Pierre og Miquelon,2019,Diverse fremstillede varer,0
3103,Skt. Pierre og Miquelon,2020,Diverse fremstillede varer,0
3104,Skt. Pierre og Miquelon,2021,Diverse fremstillede varer,0
3116,Skt. Vincent og Grenadinerne,2018,Diverse fremstillede varer,0
3117,Skt. Vincent og Grenadinerne,2019,Diverse fremstillede varer,0
3118,Skt. Vincent og Grenadinerne,2020,Diverse fremstillede varer,0
3119,Skt. Vincent og Grenadinerne,2021,Diverse fremstillede varer,0
3131,Slovakiet,2018,Diverse fremstillede varer,210598
3132,Slovakiet,2019,Diverse fremstillede varer,196603
3133,Slovakiet,2020,Diverse fremstillede varer,212340
3134,Slovakiet,2021,Diverse fremstillede varer,187057
3146,Slovenien,2018,Diverse fremstillede varer,120287
3147,Slovenien,2019,Diverse fremstillede varer,119359
3148,Slovenien,2020,Diverse fremstillede varer,113741
3149,Slovenien,2021,Diverse fremstillede varer,150885
3161,Somalia,2018,Diverse fremstillede varer,0
3162,Somalia,2019,Diverse fremstillede varer,2
3163,Somalia,2020,Diverse fremstillede varer,0
3164,Somalia,2021,Diverse fremstillede varer,0
3176,South Georgia og De Sydlige Sandwichøer,2018,Diverse fremstillede varer,0
3177,South Georgia og De Sydlige Sandwichøer,2019,Diverse fremstillede varer,0
3178,South Georgia og De Sydlige Sandwichøer,2020,Diverse fremstillede varer,0
3179,South Georgia og De Sydlige Sandwichøer,2021,Diverse fremstillede varer,0
3191,Sovjetunionen,2018,Diverse fremstillede varer,0
3192,Sovjetunionen,2019,Diverse fremstillede varer,0
3193,Sovjetunionen,2020,Diverse fremstillede varer,0
3194,Sovjetunionen,2021,Diverse fremstillede varer,0
3206,Spanien,2018,Diverse fremstillede varer,199069
3207,Spanien,2019,Diverse fremstillede varer,171330
3208,Spanien,2020,Diverse fremstillede varer,197780
3209,Spanien,2021,Diverse fremstillede varer,196724
3221,Sri Lanka,2018,Diverse fremstillede varer,24850
3222,Sri Lanka,2019,Diverse fremstillede varer,10877
3223,Sri Lanka,2020,Diverse fremstillede varer,5834
3224,Sri Lanka,2021,Diverse fremstillede varer,5128
3236,Storbritannien,2018,Diverse fremstillede varer,595812
3237,Storbritannien,2019,Diverse fremstillede varer,652151
3238,Storbritannien,2020,Diverse fremstillede varer,506571
3239,Storbritannien,2021,Diverse fremstillede varer,554296
3251,Sudan,2018,Diverse fremstillede varer,0
3252,Sudan,2019,Diverse fremstillede varer,0
3253,Sudan,2020,Diverse fremstillede varer,0
3254,Sudan,2021,Diverse fremstillede varer,0
3266,Suriname,2018,Diverse fremstillede varer,0
3267,Suriname,2019,Diverse fremstillede varer,0
3268,Suriname,2020,Diverse fremstillede varer,8
3269,Suriname,2021,Diverse fremstillede varer,0
3281,Svalbard,2018,Diverse fremstillede varer,0
3282,Svalbard,2019,Diverse fremstillede varer,0
3283,Svalbard,2020,Diverse fremstillede varer,0
3284,Svalbard,2021,Diverse fremstillede varer,0
3296,Sverige,2018,Diverse fremstillede varer,3301460
3297,Sverige,2019,Diverse fremstillede varer,3394071
3298,Sverige,2020,Diverse fremstillede varer,3576549
3299,Sverige,2021,Diverse fremstillede varer,4219192
3311,Sydafrika,2018,Diverse fremstillede varer,22913
3312,Sydafrika,2019,Diverse fremstillede varer,12284
3313,Sydafrika,2020,Diverse fremstillede varer,14452
3314,Sydafrika,2021,Diverse fremstillede varer,11431
3326,Sydkorea,2018,Diverse fremstillede varer,33341
3327,Sydkorea,2019,Diverse fremstillede varer,42854
3328,Sydkorea,2020,Diverse fremstillede varer,40808
3329,Sydkorea,2021,Diverse fremstillede varer,45266
3341,Sydsudan,2018,Diverse fremstillede varer,0
3342,Sydsudan,2019,Diverse fremstillede varer,0
3343,Sydsudan,2020,Diverse fremstillede varer,0
3344,Sydsudan,2021,Diverse fremstillede varer,0
3356,Sydyemen,2018,Diverse fremstillede varer,0
3357,Sydyemen,2019,Diverse fremstillede varer,0
3358,Sydyemen,2020,Diverse fremstillede varer,0
3359,Sydyemen,2021,Diverse fremstillede varer,0
3371,Syrien,2018,Diverse fremstillede varer,169
3372,Syrien,2019,Diverse fremstillede varer,3
3373,Syrien,2020,Diverse fremstillede varer,23
3374,Syrien,2021,Diverse fremstillede varer,23
3386,Tadsjikistan,2018,Diverse fremstillede varer,0
3387,Tadsjikistan,2019,Diverse fremstillede varer,0
3388,Tadsjikistan,2020,Diverse fremstillede varer,0
3389,Tadsjikistan,2021,Diverse fremstillede varer,0
3401,Taiwan,2018,Diverse fremstillede varer,87213
3402,Taiwan,2019,Diverse fremstillede varer,101281
3403,Taiwan,2020,Diverse fremstillede varer,88097
3404,Taiwan,2021,Diverse fremstillede varer,87965
3416,Tanzania,2018,Diverse fremstillede varer,25
3417,Tanzania,2019,Diverse fremstillede varer,14
3418,Tanzania,2020,Diverse fremstillede varer,30
3419,Tanzania,2021,Diverse fremstillede varer,3
3431,Tchad,2018,Diverse fremstillede varer,0
3432,Tchad,2019,Diverse fremstillede varer,0
3433,Tchad,2020,Diverse fremstillede varer,0
3434,Tchad,2021,Diverse fremstillede varer,0
3446,Thailand,2018,Diverse fremstillede varer,68284
3447,Thailand,2019,Diverse fremstillede varer,67506
3448,Thailand,2020,Diverse fremstillede varer,60271
3449,Thailand,2021,Diverse fremstillede varer,80752
3461,Tjekkiet,2018,Diverse fremstillede varer,347883
3462,Tjekkiet,2019,Diverse fremstillede varer,344577
3463,Tjekkiet,2020,Diverse fremstillede varer,361485
3464,Tjekkiet,2021,Diverse fremstillede varer,419822
3476,Tjekkoslovakiet,2018,Diverse fremstillede varer,0
3477,Tjekkoslovakiet,2019,Diverse fremstillede varer,0
3478,Tjekkoslovakiet,2020,Diverse fremstillede varer,0
3479,Tjekkoslovakiet,2021,Diverse fremstillede varer,0
3491,Togo,2018,Diverse fremstillede varer,0
3492,Togo,2019,Diverse fremstillede varer,0
3493,Togo,2020,Diverse fremstillede varer,0
3494,Togo,2021,Diverse fremstillede varer,0
3506,Tokelau,2018,Diverse fremstillede varer,0
3507,Tokelau,2019,Diverse fremstillede varer,0
3508,Tokelau,2020,Diverse fremstillede varer,1
3509,Tokelau,2021,Diverse fremstillede varer,0
3521,Tonga,2018,Diverse fremstillede varer,0
3522,Tonga,2019,Diverse fremstillede varer,0
3523,Tonga,2020,Diverse fremstillede varer,0
3524,Tonga,2021,Diverse fremstillede varer,0
3536,Trinidad og Tobago,2018,Diverse fremstillede varer,0
3537,Trinidad og Tobago,2019,Diverse fremstillede varer,0
3538,Trinidad og Tobago,2020,Diverse fremstillede varer,0
3539,Trinidad og Tobago,2021,Diverse fremstillede varer,19
3551,Tunesien,2018,Diverse fremstillede varer,628
3552,Tunesien,2019,Diverse fremstillede varer,2924
3553,Tunesien,2020,Diverse fremstillede varer,2730
3554,Tunesien,2021,Diverse fremstillede varer,944
3566,Turkmenistan,2018,Diverse fremstillede varer,3
3567,Turkmenistan,2019,Diverse fremstillede varer,0
3568,Turkmenistan,2020,Diverse fremstillede varer,0
3569,Turkmenistan,2021,Diverse fremstillede varer,0
3581,Turks- og Caicosøerne,2018,Diverse fremstillede varer,0
3582,Turks- og Caicosøerne,2019,Diverse fremstillede varer,0
3583,Turks- og Caicosøerne,2020,Diverse fremstillede varer,0
3584,Turks- og Caicosøerne,2021,Diverse fremstillede varer,0
3596,Tuvalu,2018,Diverse fremstillede varer,0
3597,Tuvalu,2019,Diverse fremstillede varer,0
3598,Tuvalu,2020,Diverse fremstillede varer,0
3599,Tuvalu,2021,Diverse fremstillede varer,0
3611,Tyrkiet,2018,Diverse fremstillede varer,443396
3612,Tyrkiet,2019,Diverse fremstillede varer,449372
3613,Tyrkiet,2020,Diverse fremstillede varer,507602
3614,Tyrkiet,2021,Diverse fremstillede varer,601072
3626,Tyskland,2018,Diverse fremstillede varer,4620379
3627,Tyskland,2019,Diverse fremstillede varer,4621013
3628,Tyskland,2020,Diverse fremstillede varer,5011726
3629,Tyskland,2021,Diverse fremstillede varer,5198752
3641,USA,2018,Diverse fremstillede varer,122346
3642,USA,2019,Diverse fremstillede varer,131545
3643,USA,2020,Diverse fremstillede varer,116829
3644,USA,2021,Diverse fremstillede varer,168610
3656,USAs mindre øbesiddelser,2018,Diverse fremstillede varer,6
3657,USAs mindre øbesiddelser,2019,Diverse fremstillede varer,0
3658,USAs mindre øbesiddelser,2020,Diverse fremstillede varer,0
3659,USAs mindre øbesiddelser,2021,Diverse fremstillede varer,0
3671,Uganda,2018,Diverse fremstillede varer,28
3672,Uganda,2019,Diverse fremstillede varer,181
3673,Uganda,2020,Diverse fremstillede varer,1
3674,Uganda,2021,Diverse fremstillede varer,0
3686,Ukraine,2018,Diverse fremstillede varer,323642
3687,Ukraine,2019,Diverse fremstillede varer,439106
3688,Ukraine,2020,Diverse fremstillede varer,446680
3689,Ukraine,2021,Diverse fremstillede varer,659544
3701,Ungarn,2018,Diverse fremstillede varer,70664
3702,Ungarn,2019,Diverse fremstillede varer,65398
3703,Ungarn,2020,Diverse fremstillede varer,53879
3704,Ungarn,2021,Diverse fremstillede varer,68294
3716,Uoplyst land,2018,Diverse fremstillede varer,0
3717,Uoplyst land,2019,Diverse fremstillede varer,0
3718,Uoplyst land,2020,Diverse fremstillede varer,0
3719,Uoplyst land,2021,Diverse fremstillede varer,0
3731,Uoplyst land 3. Lande,2018,Diverse fremstillede varer,177
3732,Uoplyst land 3. Lande,2019,Diverse fremstillede varer,416
3733,Uoplyst land 3. Lande,2020,Diverse fremstillede varer,489
3734,Uoplyst land 3. Lande,2021,Diverse fremstillede varer,664
3746,Uoplyst land EU-lande,2018,Diverse fremstillede varer,0
3747,Uoplyst land EU-lande,2019,Diverse fremstillede varer,0
3748,Uoplyst land EU-lande,2020,Diverse fremstillede varer,0
3749,Uoplyst land EU-lande,2021,Diverse fremstillede varer,0
3761,Uruguay,2018,Diverse fremstillede varer,7642
3762,Uruguay,2019,Diverse fremstillede varer,4596
3763,Uruguay,2020,Diverse fremstillede varer,4910
3764,Uruguay,2021,Diverse fremstillede varer,3470
3776,Usbekistan,2018,Diverse fremstillede varer,16
3777,Usbekistan,2019,Diverse fremstillede varer,0
3778,Usbekistan,2020,Diverse fremstillede varer,0
3779,Usbekistan,2021,Diverse fremstillede varer,293
3791,Vanuatu,2018,Diverse fremstillede varer,0
3792,Vanuatu,2019,Diverse fremstillede varer,0
3793,Vanuatu,2020,Diverse fremstillede varer,0
3794,Vanuatu,2021,Diverse fremstillede varer,0
3806,Vatikanstaten,2018,Diverse fremstillede varer,0
3807,Vatikanstaten,2019,Diverse fremstillede varer,0
3808,Vatikanstaten,2020,Diverse fremstillede varer,0
3809,Vatikanstaten,2021,Diverse fremstillede varer,0
3821,Venezuela,2018,Diverse fremstillede varer,0
3822,Venezuela,2019,Diverse fremstillede varer,0
3823,Venezuela,2020,Diverse fremstillede varer,0
3824,Venezuela,2021,Diverse fremstillede varer,3
3836,Vestbredden og Gaza,2018,Diverse fremstillede varer,0
3837,Vestbredden og Gaza,2019,Diverse fremstillede varer,0
3838,Vestbredden og Gaza,2020,Diverse fremstillede varer,0
3839,Vestbredden og Gaza,2021,Diverse fremstillede varer,0
3851,Vestindiske Øer,2018,Diverse fremstillede varer,0
3852,Vestindiske Øer,2019,Diverse fremstillede varer,0
3853,Vestindiske Øer,2020,Diverse fremstillede varer,0
3854,Vestindiske Øer,2021,Diverse fremstillede varer,0
3866,Vestsahara,2018,Diverse fremstillede varer,0
3867,Vestsahara,2019,Diverse fremstillede varer,0
3868,Vestsahara,2020,Diverse fremstillede varer,0
3869,Vestsahara,2021,Diverse fremstillede varer,0
3881,Vietnam,2018,Diverse fremstillede varer,504990
3882,Vietnam,2019,Diverse fremstillede varer,583494
3883,Vietnam,2020,Diverse fremstillede varer,553579
3884,Vietnam,2021,Diverse fremstillede varer,635674
3896,Wallis og Futuna,2018,Diverse fremstillede varer,0
3897,Wallis og Futuna,2019,Diverse fremstillede varer,0
3898,Wallis og Futuna,2020,Diverse fremstillede varer,0
3899,Wallis og Futuna,2021,Diverse fremstillede varer,0
3911,Yemen,2018,Diverse fremstillede varer,0
3912,Yemen,2019,Diverse fremstillede varer,0
3913,Yemen,2020,Diverse fremstillede varer,0
3914,Yemen,2021,Diverse fremstillede varer,0
3926,Zambia,2018,Diverse fremstillede varer,0
3927,Zambia,2019,Diverse fremstillede varer,3
3928,Zambia,2020,Diverse fremstillede varer,0
3929,Zambia,2021,Diverse fremstillede varer,5
3941,Zimbabwe,2018,Diverse fremstillede varer,194
3942,Zimbabwe,2019,Diverse fremstillede varer,231
3943,Zimbabwe,2020,Diverse fremstillede varer,144
3944,Zimbabwe,2021,Diverse fremstillede varer,101
3956,Ækvatorialguinea,2018,Diverse fremstillede varer,0
3957,Ækvatorialguinea,2019,Diverse fremstillede varer,0
3958,Ækvatorialguinea,2020,Diverse fremstillede varer,0
3959,Ækvatorialguinea,2021,Diverse fremstillede varer,0
3971,Østrig,2018,Diverse fremstillede varer,290576
3972,Østrig,2019,Diverse fremstillede varer,299481
3973,Østrig,2020,Diverse fremstillede varer,288586
3974,Østrig,2021,Diverse fremstillede varer,374296
3986,Østtimor,2018,Diverse fremstillede varer,0
3987,Østtimor,2019,Diverse fremstillede varer,0
3988,Østtimor,2020,Diverse fremstillede varer,0
3989,Østtimor,2021,Diverse fremstillede varer,0
