,LAND,TID,INDHOLD,SITC
11,Afghanistan,2018,59,"levende dyr, fødevarer, drikkevarer og tobak"
12,Afghanistan,2019,115625,"levende dyr, fødevarer, drikkevarer og tobak"
13,Afghanistan,2020,120,"levende dyr, fødevarer, drikkevarer og tobak"
14,Afghanistan,2021,434,"levende dyr, fødevarer, drikkevarer og tobak"
26,Albanien,2018,3997,"levende dyr, fødevarer, drikkevarer og tobak"
27,Albanien,2019,3454,"levende dyr, fødevarer, drikkevarer og tobak"
28,Albanien,2020,2228,"levende dyr, fødevarer, drikkevarer og tobak"
29,Albanien,2021,3159,"levende dyr, fødevarer, drikkevarer og tobak"
41,Algeriet,2018,802,"levende dyr, fødevarer, drikkevarer og tobak"
42,Algeriet,2019,519,"levende dyr, fødevarer, drikkevarer og tobak"
43,Algeriet,2020,1625,"levende dyr, fødevarer, drikkevarer og tobak"
44,Algeriet,2021,969,"levende dyr, fødevarer, drikkevarer og tobak"
56,Amerikansk Oceanien,2018,0,"levende dyr, fødevarer, drikkevarer og tobak"
57,Amerikansk Oceanien,2019,0,"levende dyr, fødevarer, drikkevarer og tobak"
58,Amerikansk Oceanien,2020,0,"levende dyr, fødevarer, drikkevarer og tobak"
59,Amerikansk Oceanien,2021,0,"levende dyr, fødevarer, drikkevarer og tobak"
71,Amerikansk Samoa,2018,0,"levende dyr, fødevarer, drikkevarer og tobak"
72,Amerikansk Samoa,2019,0,"levende dyr, fødevarer, drikkevarer og tobak"
73,Amerikansk Samoa,2020,0,"levende dyr, fødevarer, drikkevarer og tobak"
74,Amerikansk Samoa,2021,0,"levende dyr, fødevarer, drikkevarer og tobak"
86,Amerikanske Jomfruøer,2018,19,"levende dyr, fødevarer, drikkevarer og tobak"
87,Amerikanske Jomfruøer,2019,0,"levende dyr, fødevarer, drikkevarer og tobak"
88,Amerikanske Jomfruøer,2020,0,"levende dyr, fødevarer, drikkevarer og tobak"
89,Amerikanske Jomfruøer,2021,0,"levende dyr, fødevarer, drikkevarer og tobak"
101,Andorra,2018,0,"levende dyr, fødevarer, drikkevarer og tobak"
102,Andorra,2019,0,"levende dyr, fødevarer, drikkevarer og tobak"
103,Andorra,2020,0,"levende dyr, fødevarer, drikkevarer og tobak"
104,Andorra,2021,0,"levende dyr, fødevarer, drikkevarer og tobak"
116,Angola,2018,0,"levende dyr, fødevarer, drikkevarer og tobak"
117,Angola,2019,0,"levende dyr, fødevarer, drikkevarer og tobak"
118,Angola,2020,0,"levende dyr, fødevarer, drikkevarer og tobak"
119,Angola,2021,0,"levende dyr, fødevarer, drikkevarer og tobak"
131,Anguilla,2018,0,"levende dyr, fødevarer, drikkevarer og tobak"
132,Anguilla,2019,0,"levende dyr, fødevarer, drikkevarer og tobak"
133,Anguilla,2020,0,"levende dyr, fødevarer, drikkevarer og tobak"
134,Anguilla,2021,0,"levende dyr, fødevarer, drikkevarer og tobak"
146,Antarktis,2018,0,"levende dyr, fødevarer, drikkevarer og tobak"
147,Antarktis,2019,0,"levende dyr, fødevarer, drikkevarer og tobak"
148,Antarktis,2020,0,"levende dyr, fødevarer, drikkevarer og tobak"
149,Antarktis,2021,0,"levende dyr, fødevarer, drikkevarer og tobak"
161,Antigua og Barbuda,2018,5838,"levende dyr, fødevarer, drikkevarer og tobak"
162,Antigua og Barbuda,2019,900,"levende dyr, fødevarer, drikkevarer og tobak"
163,Antigua og Barbuda,2020,0,"levende dyr, fødevarer, drikkevarer og tobak"
164,Antigua og Barbuda,2021,6778,"levende dyr, fødevarer, drikkevarer og tobak"
176,Argentina,2018,1464655,"levende dyr, fødevarer, drikkevarer og tobak"
177,Argentina,2019,1459545,"levende dyr, fødevarer, drikkevarer og tobak"
178,Argentina,2020,1379319,"levende dyr, fødevarer, drikkevarer og tobak"
179,Argentina,2021,1073895,"levende dyr, fødevarer, drikkevarer og tobak"
191,Armenien,2018,4480,"levende dyr, fødevarer, drikkevarer og tobak"
192,Armenien,2019,566,"levende dyr, fødevarer, drikkevarer og tobak"
193,Armenien,2020,2,"levende dyr, fødevarer, drikkevarer og tobak"
194,Armenien,2021,1176,"levende dyr, fødevarer, drikkevarer og tobak"
206,Aruba,2018,0,"levende dyr, fødevarer, drikkevarer og tobak"
207,Aruba,2019,0,"levende dyr, fødevarer, drikkevarer og tobak"
208,Aruba,2020,0,"levende dyr, fødevarer, drikkevarer og tobak"
209,Aruba,2021,0,"levende dyr, fødevarer, drikkevarer og tobak"
221,Aserbajdsjan,2018,788,"levende dyr, fødevarer, drikkevarer og tobak"
222,Aserbajdsjan,2019,0,"levende dyr, fødevarer, drikkevarer og tobak"
223,Aserbajdsjan,2020,0,"levende dyr, fødevarer, drikkevarer og tobak"
224,Aserbajdsjan,2021,345,"levende dyr, fødevarer, drikkevarer og tobak"
236,Australien,2018,244639,"levende dyr, fødevarer, drikkevarer og tobak"
237,Australien,2019,338186,"levende dyr, fødevarer, drikkevarer og tobak"
238,Australien,2020,286806,"levende dyr, fødevarer, drikkevarer og tobak"
239,Australien,2021,434368,"levende dyr, fødevarer, drikkevarer og tobak"
251,Australsk Oceanien,2018,0,"levende dyr, fødevarer, drikkevarer og tobak"
252,Australsk Oceanien,2019,0,"levende dyr, fødevarer, drikkevarer og tobak"
253,Australsk Oceanien,2020,0,"levende dyr, fødevarer, drikkevarer og tobak"
254,Australsk Oceanien,2021,0,"levende dyr, fødevarer, drikkevarer og tobak"
266,Bahamas,2018,32668,"levende dyr, fødevarer, drikkevarer og tobak"
267,Bahamas,2019,33938,"levende dyr, fødevarer, drikkevarer og tobak"
268,Bahamas,2020,1,"levende dyr, fødevarer, drikkevarer og tobak"
269,Bahamas,2021,2,"levende dyr, fødevarer, drikkevarer og tobak"
281,Bahrain,2018,0,"levende dyr, fødevarer, drikkevarer og tobak"
282,Bahrain,2019,1,"levende dyr, fødevarer, drikkevarer og tobak"
283,Bahrain,2020,0,"levende dyr, fødevarer, drikkevarer og tobak"
284,Bahrain,2021,14,"levende dyr, fødevarer, drikkevarer og tobak"
296,Bangladesh,2018,50961,"levende dyr, fødevarer, drikkevarer og tobak"
297,Bangladesh,2019,52412,"levende dyr, fødevarer, drikkevarer og tobak"
298,Bangladesh,2020,45503,"levende dyr, fødevarer, drikkevarer og tobak"
299,Bangladesh,2021,39980,"levende dyr, fødevarer, drikkevarer og tobak"
311,Barbados,2018,12,"levende dyr, fødevarer, drikkevarer og tobak"
312,Barbados,2019,5,"levende dyr, fødevarer, drikkevarer og tobak"
313,Barbados,2020,0,"levende dyr, fødevarer, drikkevarer og tobak"
314,Barbados,2021,4,"levende dyr, fødevarer, drikkevarer og tobak"
326,Belarus,2018,54381,"levende dyr, fødevarer, drikkevarer og tobak"
327,Belarus,2019,33417,"levende dyr, fødevarer, drikkevarer og tobak"
328,Belarus,2020,45258,"levende dyr, fødevarer, drikkevarer og tobak"
329,Belarus,2021,122243,"levende dyr, fødevarer, drikkevarer og tobak"
341,Belgien,2018,2185190,"levende dyr, fødevarer, drikkevarer og tobak"
342,Belgien,2019,2339843,"levende dyr, fødevarer, drikkevarer og tobak"
343,Belgien,2020,2343493,"levende dyr, fødevarer, drikkevarer og tobak"
344,Belgien,2021,2598677,"levende dyr, fødevarer, drikkevarer og tobak"
356,Belize,2018,9549,"levende dyr, fødevarer, drikkevarer og tobak"
357,Belize,2019,552,"levende dyr, fødevarer, drikkevarer og tobak"
358,Belize,2020,152,"levende dyr, fødevarer, drikkevarer og tobak"
359,Belize,2021,0,"levende dyr, fødevarer, drikkevarer og tobak"
371,Benin,2018,193381,"levende dyr, fødevarer, drikkevarer og tobak"
372,Benin,2019,219968,"levende dyr, fødevarer, drikkevarer og tobak"
373,Benin,2020,311089,"levende dyr, fødevarer, drikkevarer og tobak"
374,Benin,2021,93864,"levende dyr, fødevarer, drikkevarer og tobak"
386,Bermuda,2018,0,"levende dyr, fødevarer, drikkevarer og tobak"
387,Bermuda,2019,0,"levende dyr, fødevarer, drikkevarer og tobak"
388,Bermuda,2020,0,"levende dyr, fødevarer, drikkevarer og tobak"
389,Bermuda,2021,0,"levende dyr, fødevarer, drikkevarer og tobak"
401,Bhutan,2018,0,"levende dyr, fødevarer, drikkevarer og tobak"
402,Bhutan,2019,0,"levende dyr, fødevarer, drikkevarer og tobak"
403,Bhutan,2020,0,"levende dyr, fødevarer, drikkevarer og tobak"
404,Bhutan,2021,0,"levende dyr, fødevarer, drikkevarer og tobak"
416,Bolivia,2018,8788,"levende dyr, fødevarer, drikkevarer og tobak"
417,Bolivia,2019,3059,"levende dyr, fødevarer, drikkevarer og tobak"
418,Bolivia,2020,3145,"levende dyr, fødevarer, drikkevarer og tobak"
419,Bolivia,2021,4140,"levende dyr, fødevarer, drikkevarer og tobak"
431,"Bonaire, Sint Eustatius og Saba",2018,0,"levende dyr, fødevarer, drikkevarer og tobak"
432,"Bonaire, Sint Eustatius og Saba",2019,0,"levende dyr, fødevarer, drikkevarer og tobak"
433,"Bonaire, Sint Eustatius og Saba",2020,0,"levende dyr, fødevarer, drikkevarer og tobak"
434,"Bonaire, Sint Eustatius og Saba",2021,0,"levende dyr, fødevarer, drikkevarer og tobak"
446,Bosnien-Hercegovina,2018,9041,"levende dyr, fødevarer, drikkevarer og tobak"
447,Bosnien-Hercegovina,2019,8036,"levende dyr, fødevarer, drikkevarer og tobak"
448,Bosnien-Hercegovina,2020,7548,"levende dyr, fødevarer, drikkevarer og tobak"
449,Bosnien-Hercegovina,2021,6232,"levende dyr, fødevarer, drikkevarer og tobak"
461,Botswana,2018,0,"levende dyr, fødevarer, drikkevarer og tobak"
462,Botswana,2019,0,"levende dyr, fødevarer, drikkevarer og tobak"
463,Botswana,2020,1,"levende dyr, fødevarer, drikkevarer og tobak"
464,Botswana,2021,0,"levende dyr, fødevarer, drikkevarer og tobak"
476,Bouvetøen,2018,0,"levende dyr, fødevarer, drikkevarer og tobak"
477,Bouvetøen,2019,0,"levende dyr, fødevarer, drikkevarer og tobak"
478,Bouvetøen,2020,0,"levende dyr, fødevarer, drikkevarer og tobak"
479,Bouvetøen,2021,0,"levende dyr, fødevarer, drikkevarer og tobak"
491,Brasilien,2018,784557,"levende dyr, fødevarer, drikkevarer og tobak"
492,Brasilien,2019,775161,"levende dyr, fødevarer, drikkevarer og tobak"
493,Brasilien,2020,912483,"levende dyr, fødevarer, drikkevarer og tobak"
494,Brasilien,2021,1234228,"levende dyr, fødevarer, drikkevarer og tobak"
506,Britisk Oceanien,2018,0,"levende dyr, fødevarer, drikkevarer og tobak"
507,Britisk Oceanien,2019,0,"levende dyr, fødevarer, drikkevarer og tobak"
508,Britisk Oceanien,2020,0,"levende dyr, fødevarer, drikkevarer og tobak"
509,Britisk Oceanien,2021,0,"levende dyr, fødevarer, drikkevarer og tobak"
521,Britiske Jomfruøer,2018,0,"levende dyr, fødevarer, drikkevarer og tobak"
522,Britiske Jomfruøer,2019,0,"levende dyr, fødevarer, drikkevarer og tobak"
523,Britiske Jomfruøer,2020,0,"levende dyr, fødevarer, drikkevarer og tobak"
524,Britiske Jomfruøer,2021,0,"levende dyr, fødevarer, drikkevarer og tobak"
536,Britiske territorium i det Indiske Ocean,2018,0,"levende dyr, fødevarer, drikkevarer og tobak"
537,Britiske territorium i det Indiske Ocean,2019,0,"levende dyr, fødevarer, drikkevarer og tobak"
538,Britiske territorium i det Indiske Ocean,2020,0,"levende dyr, fødevarer, drikkevarer og tobak"
539,Britiske territorium i det Indiske Ocean,2021,322,"levende dyr, fødevarer, drikkevarer og tobak"
551,Brunei,2018,0,"levende dyr, fødevarer, drikkevarer og tobak"
552,Brunei,2019,0,"levende dyr, fødevarer, drikkevarer og tobak"
553,Brunei,2020,0,"levende dyr, fødevarer, drikkevarer og tobak"
554,Brunei,2021,0,"levende dyr, fødevarer, drikkevarer og tobak"
566,Bulgarien,2018,87783,"levende dyr, fødevarer, drikkevarer og tobak"
567,Bulgarien,2019,74940,"levende dyr, fødevarer, drikkevarer og tobak"
568,Bulgarien,2020,91130,"levende dyr, fødevarer, drikkevarer og tobak"
569,Bulgarien,2021,138330,"levende dyr, fødevarer, drikkevarer og tobak"
581,Burkina Faso,2018,106469,"levende dyr, fødevarer, drikkevarer og tobak"
582,Burkina Faso,2019,185064,"levende dyr, fødevarer, drikkevarer og tobak"
583,Burkina Faso,2020,177190,"levende dyr, fødevarer, drikkevarer og tobak"
584,Burkina Faso,2021,109499,"levende dyr, fødevarer, drikkevarer og tobak"
596,Burundi,2018,1434,"levende dyr, fødevarer, drikkevarer og tobak"
597,Burundi,2019,8648,"levende dyr, fødevarer, drikkevarer og tobak"
598,Burundi,2020,11061,"levende dyr, fødevarer, drikkevarer og tobak"
599,Burundi,2021,6004,"levende dyr, fødevarer, drikkevarer og tobak"
611,Cambodja,2018,26786,"levende dyr, fødevarer, drikkevarer og tobak"
612,Cambodja,2019,33327,"levende dyr, fødevarer, drikkevarer og tobak"
613,Cambodja,2020,25415,"levende dyr, fødevarer, drikkevarer og tobak"
614,Cambodja,2021,20832,"levende dyr, fødevarer, drikkevarer og tobak"
626,Cameroun,2018,0,"levende dyr, fødevarer, drikkevarer og tobak"
627,Cameroun,2019,0,"levende dyr, fødevarer, drikkevarer og tobak"
628,Cameroun,2020,2098,"levende dyr, fødevarer, drikkevarer og tobak"
629,Cameroun,2021,1452,"levende dyr, fødevarer, drikkevarer og tobak"
641,Canada,2018,977911,"levende dyr, fødevarer, drikkevarer og tobak"
642,Canada,2019,1018821,"levende dyr, fødevarer, drikkevarer og tobak"
643,Canada,2020,805947,"levende dyr, fødevarer, drikkevarer og tobak"
644,Canada,2021,874882,"levende dyr, fødevarer, drikkevarer og tobak"
656,Caymanøerne,2018,0,"levende dyr, fødevarer, drikkevarer og tobak"
657,Caymanøerne,2019,0,"levende dyr, fødevarer, drikkevarer og tobak"
658,Caymanøerne,2020,0,"levende dyr, fødevarer, drikkevarer og tobak"
659,Caymanøerne,2021,44,"levende dyr, fødevarer, drikkevarer og tobak"
671,Centralafrikanske Republik,2018,0,"levende dyr, fødevarer, drikkevarer og tobak"
672,Centralafrikanske Republik,2019,0,"levende dyr, fødevarer, drikkevarer og tobak"
673,Centralafrikanske Republik,2020,0,"levende dyr, fødevarer, drikkevarer og tobak"
674,Centralafrikanske Republik,2021,0,"levende dyr, fødevarer, drikkevarer og tobak"
686,Ceuta,2018,0,"levende dyr, fødevarer, drikkevarer og tobak"
687,Ceuta,2019,1,"levende dyr, fødevarer, drikkevarer og tobak"
688,Ceuta,2020,1,"levende dyr, fødevarer, drikkevarer og tobak"
689,Ceuta,2021,0,"levende dyr, fødevarer, drikkevarer og tobak"
701,Chile,2018,693429,"levende dyr, fødevarer, drikkevarer og tobak"
702,Chile,2019,951135,"levende dyr, fødevarer, drikkevarer og tobak"
703,Chile,2020,848759,"levende dyr, fødevarer, drikkevarer og tobak"
704,Chile,2021,630842,"levende dyr, fødevarer, drikkevarer og tobak"
716,Cocosøerne,2018,0,"levende dyr, fødevarer, drikkevarer og tobak"
717,Cocosøerne,2019,0,"levende dyr, fødevarer, drikkevarer og tobak"
718,Cocosøerne,2020,0,"levende dyr, fødevarer, drikkevarer og tobak"
719,Cocosøerne,2021,0,"levende dyr, fødevarer, drikkevarer og tobak"
731,Colombia,2018,81514,"levende dyr, fødevarer, drikkevarer og tobak"
732,Colombia,2019,80607,"levende dyr, fødevarer, drikkevarer og tobak"
733,Colombia,2020,61757,"levende dyr, fødevarer, drikkevarer og tobak"
734,Colombia,2021,78776,"levende dyr, fødevarer, drikkevarer og tobak"
746,Comorerne,2018,344,"levende dyr, fødevarer, drikkevarer og tobak"
747,Comorerne,2019,0,"levende dyr, fødevarer, drikkevarer og tobak"
748,Comorerne,2020,0,"levende dyr, fødevarer, drikkevarer og tobak"
749,Comorerne,2021,0,"levende dyr, fødevarer, drikkevarer og tobak"
761,"Congo, Demokratiske Republik",2018,0,"levende dyr, fødevarer, drikkevarer og tobak"
762,"Congo, Demokratiske Republik",2019,0,"levende dyr, fødevarer, drikkevarer og tobak"
763,"Congo, Demokratiske Republik",2020,1039,"levende dyr, fødevarer, drikkevarer og tobak"
764,"Congo, Demokratiske Republik",2021,1,"levende dyr, fødevarer, drikkevarer og tobak"
776,"Congo, Republikken",2018,470,"levende dyr, fødevarer, drikkevarer og tobak"
777,"Congo, Republikken",2019,0,"levende dyr, fødevarer, drikkevarer og tobak"
778,"Congo, Republikken",2020,0,"levende dyr, fødevarer, drikkevarer og tobak"
779,"Congo, Republikken",2021,0,"levende dyr, fødevarer, drikkevarer og tobak"
791,Cookøerne,2018,0,"levende dyr, fødevarer, drikkevarer og tobak"
792,Cookøerne,2019,0,"levende dyr, fødevarer, drikkevarer og tobak"
793,Cookøerne,2020,0,"levende dyr, fødevarer, drikkevarer og tobak"
794,Cookøerne,2021,0,"levende dyr, fødevarer, drikkevarer og tobak"
806,Costa Rica,2018,23237,"levende dyr, fødevarer, drikkevarer og tobak"
807,Costa Rica,2019,10957,"levende dyr, fødevarer, drikkevarer og tobak"
808,Costa Rica,2020,11440,"levende dyr, fødevarer, drikkevarer og tobak"
809,Costa Rica,2021,28145,"levende dyr, fødevarer, drikkevarer og tobak"
821,Cuba,2018,1518,"levende dyr, fødevarer, drikkevarer og tobak"
822,Cuba,2019,182,"levende dyr, fødevarer, drikkevarer og tobak"
823,Cuba,2020,377,"levende dyr, fødevarer, drikkevarer og tobak"
824,Cuba,2021,19,"levende dyr, fødevarer, drikkevarer og tobak"
836,Curacao,2018,0,"levende dyr, fødevarer, drikkevarer og tobak"
837,Curacao,2019,0,"levende dyr, fødevarer, drikkevarer og tobak"
838,Curacao,2020,0,"levende dyr, fødevarer, drikkevarer og tobak"
839,Curacao,2021,211,"levende dyr, fødevarer, drikkevarer og tobak"
851,Cypern,2018,65862,"levende dyr, fødevarer, drikkevarer og tobak"
852,Cypern,2019,81562,"levende dyr, fødevarer, drikkevarer og tobak"
853,Cypern,2020,93627,"levende dyr, fødevarer, drikkevarer og tobak"
854,Cypern,2021,92059,"levende dyr, fødevarer, drikkevarer og tobak"
866,DDR,2018,0,"levende dyr, fødevarer, drikkevarer og tobak"
867,DDR,2019,0,"levende dyr, fødevarer, drikkevarer og tobak"
868,DDR,2020,0,"levende dyr, fødevarer, drikkevarer og tobak"
869,DDR,2021,0,"levende dyr, fødevarer, drikkevarer og tobak"
881,Diskretioneret,2018,0,"levende dyr, fødevarer, drikkevarer og tobak"
882,Diskretioneret,2019,0,"levende dyr, fødevarer, drikkevarer og tobak"
883,Diskretioneret,2020,0,"levende dyr, fødevarer, drikkevarer og tobak"
884,Diskretioneret,2021,0,"levende dyr, fødevarer, drikkevarer og tobak"
896,Djibouti,2018,0,"levende dyr, fødevarer, drikkevarer og tobak"
897,Djibouti,2019,0,"levende dyr, fødevarer, drikkevarer og tobak"
898,Djibouti,2020,0,"levende dyr, fødevarer, drikkevarer og tobak"
899,Djibouti,2021,0,"levende dyr, fødevarer, drikkevarer og tobak"
911,Dominica,2018,0,"levende dyr, fødevarer, drikkevarer og tobak"
912,Dominica,2019,0,"levende dyr, fødevarer, drikkevarer og tobak"
913,Dominica,2020,0,"levende dyr, fødevarer, drikkevarer og tobak"
914,Dominica,2021,0,"levende dyr, fødevarer, drikkevarer og tobak"
926,Dominikanske Republik,2018,72600,"levende dyr, fødevarer, drikkevarer og tobak"
927,Dominikanske Republik,2019,25433,"levende dyr, fødevarer, drikkevarer og tobak"
928,Dominikanske Republik,2020,45217,"levende dyr, fødevarer, drikkevarer og tobak"
929,Dominikanske Republik,2021,41597,"levende dyr, fødevarer, drikkevarer og tobak"
941,Ecuador,2018,48135,"levende dyr, fødevarer, drikkevarer og tobak"
942,Ecuador,2019,30807,"levende dyr, fødevarer, drikkevarer og tobak"
943,Ecuador,2020,68466,"levende dyr, fødevarer, drikkevarer og tobak"
944,Ecuador,2021,95546,"levende dyr, fødevarer, drikkevarer og tobak"
956,Egypten,2018,27581,"levende dyr, fødevarer, drikkevarer og tobak"
957,Egypten,2019,36199,"levende dyr, fødevarer, drikkevarer og tobak"
958,Egypten,2020,30782,"levende dyr, fødevarer, drikkevarer og tobak"
959,Egypten,2021,50252,"levende dyr, fødevarer, drikkevarer og tobak"
971,El Salvador,2018,4660,"levende dyr, fødevarer, drikkevarer og tobak"
972,El Salvador,2019,15122,"levende dyr, fødevarer, drikkevarer og tobak"
973,El Salvador,2020,5312,"levende dyr, fødevarer, drikkevarer og tobak"
974,El Salvador,2021,4267,"levende dyr, fødevarer, drikkevarer og tobak"
986,Elfenbenskysten,2018,77839,"levende dyr, fødevarer, drikkevarer og tobak"
987,Elfenbenskysten,2019,82376,"levende dyr, fødevarer, drikkevarer og tobak"
988,Elfenbenskysten,2020,65700,"levende dyr, fødevarer, drikkevarer og tobak"
989,Elfenbenskysten,2021,64305,"levende dyr, fødevarer, drikkevarer og tobak"
1001,Eritrea,2018,0,"levende dyr, fødevarer, drikkevarer og tobak"
1002,Eritrea,2019,0,"levende dyr, fødevarer, drikkevarer og tobak"
1003,Eritrea,2020,0,"levende dyr, fødevarer, drikkevarer og tobak"
1004,Eritrea,2021,0,"levende dyr, fødevarer, drikkevarer og tobak"
1016,Estland,2018,214515,"levende dyr, fødevarer, drikkevarer og tobak"
1017,Estland,2019,206160,"levende dyr, fødevarer, drikkevarer og tobak"
1018,Estland,2020,226993,"levende dyr, fødevarer, drikkevarer og tobak"
1019,Estland,2021,167253,"levende dyr, fødevarer, drikkevarer og tobak"
1031,Eswantini,2018,0,"levende dyr, fødevarer, drikkevarer og tobak"
1032,Eswantini,2019,0,"levende dyr, fødevarer, drikkevarer og tobak"
1033,Eswantini,2020,125,"levende dyr, fødevarer, drikkevarer og tobak"
1034,Eswantini,2021,127,"levende dyr, fødevarer, drikkevarer og tobak"
1046,Etiopien,2018,4830,"levende dyr, fødevarer, drikkevarer og tobak"
1047,Etiopien,2019,3945,"levende dyr, fødevarer, drikkevarer og tobak"
1048,Etiopien,2020,3885,"levende dyr, fødevarer, drikkevarer og tobak"
1049,Etiopien,2021,6755,"levende dyr, fødevarer, drikkevarer og tobak"
1061,Falklandsøerne,2018,0,"levende dyr, fødevarer, drikkevarer og tobak"
1062,Falklandsøerne,2019,0,"levende dyr, fødevarer, drikkevarer og tobak"
1063,Falklandsøerne,2020,0,"levende dyr, fødevarer, drikkevarer og tobak"
1064,Falklandsøerne,2021,0,"levende dyr, fødevarer, drikkevarer og tobak"
1076,Fiji,2018,28,"levende dyr, fødevarer, drikkevarer og tobak"
1077,Fiji,2019,220,"levende dyr, fødevarer, drikkevarer og tobak"
1078,Fiji,2020,109,"levende dyr, fødevarer, drikkevarer og tobak"
1079,Fiji,2021,7,"levende dyr, fødevarer, drikkevarer og tobak"
1091,Filippinerne,2018,18157,"levende dyr, fødevarer, drikkevarer og tobak"
1092,Filippinerne,2019,23686,"levende dyr, fødevarer, drikkevarer og tobak"
1093,Filippinerne,2020,17171,"levende dyr, fødevarer, drikkevarer og tobak"
1094,Filippinerne,2021,21555,"levende dyr, fødevarer, drikkevarer og tobak"
1106,Finland,2018,573019,"levende dyr, fødevarer, drikkevarer og tobak"
1107,Finland,2019,659690,"levende dyr, fødevarer, drikkevarer og tobak"
1108,Finland,2020,621968,"levende dyr, fødevarer, drikkevarer og tobak"
1109,Finland,2021,648976,"levende dyr, fødevarer, drikkevarer og tobak"
1121,Forenede Arabiske Emirater,2018,4902,"levende dyr, fødevarer, drikkevarer og tobak"
1122,Forenede Arabiske Emirater,2019,3539,"levende dyr, fødevarer, drikkevarer og tobak"
1123,Forenede Arabiske Emirater,2020,3993,"levende dyr, fødevarer, drikkevarer og tobak"
1124,Forenede Arabiske Emirater,2021,4998,"levende dyr, fødevarer, drikkevarer og tobak"
1136,Frankrig og Monaco,2018,3450144,"levende dyr, fødevarer, drikkevarer og tobak"
1137,Frankrig og Monaco,2019,3475481,"levende dyr, fødevarer, drikkevarer og tobak"
1138,Frankrig og Monaco,2020,3734872,"levende dyr, fødevarer, drikkevarer og tobak"
1139,Frankrig og Monaco,2021,4578215,"levende dyr, fødevarer, drikkevarer og tobak"
1151,Fransk Guyana,2018,0,"levende dyr, fødevarer, drikkevarer og tobak"
1152,Fransk Guyana,2019,0,"levende dyr, fødevarer, drikkevarer og tobak"
1153,Fransk Guyana,2020,0,"levende dyr, fødevarer, drikkevarer og tobak"
1154,Fransk Guyana,2021,0,"levende dyr, fødevarer, drikkevarer og tobak"
1166,Fransk Polynesien,2018,3256,"levende dyr, fødevarer, drikkevarer og tobak"
1167,Fransk Polynesien,2019,3124,"levende dyr, fødevarer, drikkevarer og tobak"
1168,Fransk Polynesien,2020,2158,"levende dyr, fødevarer, drikkevarer og tobak"
1169,Fransk Polynesien,2021,2604,"levende dyr, fødevarer, drikkevarer og tobak"
1181,Franske besiddelser i det sydlige Indiske Ocean,2018,0,"levende dyr, fødevarer, drikkevarer og tobak"
1182,Franske besiddelser i det sydlige Indiske Ocean,2019,0,"levende dyr, fødevarer, drikkevarer og tobak"
1183,Franske besiddelser i det sydlige Indiske Ocean,2020,0,"levende dyr, fødevarer, drikkevarer og tobak"
1184,Franske besiddelser i det sydlige Indiske Ocean,2021,0,"levende dyr, fødevarer, drikkevarer og tobak"
1196,Fremmede tropper i Tyskland,2018,0,"levende dyr, fødevarer, drikkevarer og tobak"
1197,Fremmede tropper i Tyskland,2019,0,"levende dyr, fødevarer, drikkevarer og tobak"
1198,Fremmede tropper i Tyskland,2020,0,"levende dyr, fødevarer, drikkevarer og tobak"
1199,Fremmede tropper i Tyskland,2021,0,"levende dyr, fødevarer, drikkevarer og tobak"
1211,Færøerne,2018,939621,"levende dyr, fødevarer, drikkevarer og tobak"
1212,Færøerne,2019,1065464,"levende dyr, fødevarer, drikkevarer og tobak"
1213,Færøerne,2020,1068845,"levende dyr, fødevarer, drikkevarer og tobak"
1214,Færøerne,2021,1551184,"levende dyr, fødevarer, drikkevarer og tobak"
1226,Gabon,2018,1,"levende dyr, fødevarer, drikkevarer og tobak"
1227,Gabon,2019,0,"levende dyr, fødevarer, drikkevarer og tobak"
1228,Gabon,2020,0,"levende dyr, fødevarer, drikkevarer og tobak"
1229,Gabon,2021,0,"levende dyr, fødevarer, drikkevarer og tobak"
1241,Gambia,2018,0,"levende dyr, fødevarer, drikkevarer og tobak"
1242,Gambia,2019,0,"levende dyr, fødevarer, drikkevarer og tobak"
1243,Gambia,2020,0,"levende dyr, fødevarer, drikkevarer og tobak"
1244,Gambia,2021,19,"levende dyr, fødevarer, drikkevarer og tobak"
1256,Gaza og Jericho,2018,0,"levende dyr, fødevarer, drikkevarer og tobak"
1257,Gaza og Jericho,2019,0,"levende dyr, fødevarer, drikkevarer og tobak"
1258,Gaza og Jericho,2020,0,"levende dyr, fødevarer, drikkevarer og tobak"
1259,Gaza og Jericho,2021,0,"levende dyr, fødevarer, drikkevarer og tobak"
1271,Georgien,2018,3312,"levende dyr, fødevarer, drikkevarer og tobak"
1272,Georgien,2019,755,"levende dyr, fødevarer, drikkevarer og tobak"
1273,Georgien,2020,1180,"levende dyr, fødevarer, drikkevarer og tobak"
1274,Georgien,2021,298,"levende dyr, fødevarer, drikkevarer og tobak"
1286,Ghana,2018,263325,"levende dyr, fødevarer, drikkevarer og tobak"
1287,Ghana,2019,403289,"levende dyr, fødevarer, drikkevarer og tobak"
1288,Ghana,2020,136381,"levende dyr, fødevarer, drikkevarer og tobak"
1289,Ghana,2021,75264,"levende dyr, fødevarer, drikkevarer og tobak"
1301,Gibraltar,2018,23,"levende dyr, fødevarer, drikkevarer og tobak"
1302,Gibraltar,2019,0,"levende dyr, fødevarer, drikkevarer og tobak"
1303,Gibraltar,2020,0,"levende dyr, fødevarer, drikkevarer og tobak"
1304,Gibraltar,2021,0,"levende dyr, fødevarer, drikkevarer og tobak"
1316,Grenada,2018,0,"levende dyr, fødevarer, drikkevarer og tobak"
1317,Grenada,2019,2,"levende dyr, fødevarer, drikkevarer og tobak"
1318,Grenada,2020,2,"levende dyr, fødevarer, drikkevarer og tobak"
1319,Grenada,2021,9,"levende dyr, fødevarer, drikkevarer og tobak"
1331,Grækenland,2018,436607,"levende dyr, fødevarer, drikkevarer og tobak"
1332,Grækenland,2019,429141,"levende dyr, fødevarer, drikkevarer og tobak"
1333,Grækenland,2020,391695,"levende dyr, fødevarer, drikkevarer og tobak"
1334,Grækenland,2021,408846,"levende dyr, fødevarer, drikkevarer og tobak"
1346,Grønland,2018,3480320,"levende dyr, fødevarer, drikkevarer og tobak"
1347,Grønland,2019,4560972,"levende dyr, fødevarer, drikkevarer og tobak"
1348,Grønland,2020,4540688,"levende dyr, fødevarer, drikkevarer og tobak"
1349,Grønland,2021,4464281,"levende dyr, fødevarer, drikkevarer og tobak"
1361,Guadeloupe,2018,0,"levende dyr, fødevarer, drikkevarer og tobak"
1362,Guadeloupe,2019,0,"levende dyr, fødevarer, drikkevarer og tobak"
1363,Guadeloupe,2020,0,"levende dyr, fødevarer, drikkevarer og tobak"
1364,Guadeloupe,2021,0,"levende dyr, fødevarer, drikkevarer og tobak"
1376,Guam,2018,0,"levende dyr, fødevarer, drikkevarer og tobak"
1377,Guam,2019,64,"levende dyr, fødevarer, drikkevarer og tobak"
1378,Guam,2020,0,"levende dyr, fødevarer, drikkevarer og tobak"
1379,Guam,2021,0,"levende dyr, fødevarer, drikkevarer og tobak"
1391,Guatemala,2018,13556,"levende dyr, fødevarer, drikkevarer og tobak"
1392,Guatemala,2019,9401,"levende dyr, fødevarer, drikkevarer og tobak"
1393,Guatemala,2020,6495,"levende dyr, fødevarer, drikkevarer og tobak"
1394,Guatemala,2021,11391,"levende dyr, fødevarer, drikkevarer og tobak"
1406,Guinea,2018,0,"levende dyr, fødevarer, drikkevarer og tobak"
1407,Guinea,2019,0,"levende dyr, fødevarer, drikkevarer og tobak"
1408,Guinea,2020,0,"levende dyr, fødevarer, drikkevarer og tobak"
1409,Guinea,2021,0,"levende dyr, fødevarer, drikkevarer og tobak"
1421,Guinea-Bissau,2018,0,"levende dyr, fødevarer, drikkevarer og tobak"
1422,Guinea-Bissau,2019,0,"levende dyr, fødevarer, drikkevarer og tobak"
1423,Guinea-Bissau,2020,0,"levende dyr, fødevarer, drikkevarer og tobak"
1424,Guinea-Bissau,2021,0,"levende dyr, fødevarer, drikkevarer og tobak"
1436,Guyana,2018,0,"levende dyr, fødevarer, drikkevarer og tobak"
1437,Guyana,2019,1,"levende dyr, fødevarer, drikkevarer og tobak"
1438,Guyana,2020,0,"levende dyr, fødevarer, drikkevarer og tobak"
1439,Guyana,2021,786,"levende dyr, fødevarer, drikkevarer og tobak"
1451,Haiti,2018,0,"levende dyr, fødevarer, drikkevarer og tobak"
1452,Haiti,2019,0,"levende dyr, fødevarer, drikkevarer og tobak"
1453,Haiti,2020,0,"levende dyr, fødevarer, drikkevarer og tobak"
1454,Haiti,2021,0,"levende dyr, fødevarer, drikkevarer og tobak"
1466,Heard- og McDonaldøerne,2018,0,"levende dyr, fødevarer, drikkevarer og tobak"
1467,Heard- og McDonaldøerne,2019,0,"levende dyr, fødevarer, drikkevarer og tobak"
1468,Heard- og McDonaldøerne,2020,0,"levende dyr, fødevarer, drikkevarer og tobak"
1469,Heard- og McDonaldøerne,2021,0,"levende dyr, fødevarer, drikkevarer og tobak"
1481,Honduras,2018,23351,"levende dyr, fødevarer, drikkevarer og tobak"
1482,Honduras,2019,19263,"levende dyr, fødevarer, drikkevarer og tobak"
1483,Honduras,2020,9685,"levende dyr, fødevarer, drikkevarer og tobak"
1484,Honduras,2021,13875,"levende dyr, fødevarer, drikkevarer og tobak"
1496,Hongkong,2018,20850,"levende dyr, fødevarer, drikkevarer og tobak"
1497,Hongkong,2019,12243,"levende dyr, fødevarer, drikkevarer og tobak"
1498,Hongkong,2020,23223,"levende dyr, fødevarer, drikkevarer og tobak"
1499,Hongkong,2021,110900,"levende dyr, fødevarer, drikkevarer og tobak"
1511,Indien,2018,191888,"levende dyr, fødevarer, drikkevarer og tobak"
1512,Indien,2019,201414,"levende dyr, fødevarer, drikkevarer og tobak"
1513,Indien,2020,178993,"levende dyr, fødevarer, drikkevarer og tobak"
1514,Indien,2021,279550,"levende dyr, fødevarer, drikkevarer og tobak"
1526,Indonesien,2018,578283,"levende dyr, fødevarer, drikkevarer og tobak"
1527,Indonesien,2019,370404,"levende dyr, fødevarer, drikkevarer og tobak"
1528,Indonesien,2020,237419,"levende dyr, fødevarer, drikkevarer og tobak"
1529,Indonesien,2021,387506,"levende dyr, fødevarer, drikkevarer og tobak"
1541,Irak,2018,302,"levende dyr, fødevarer, drikkevarer og tobak"
1542,Irak,2019,3,"levende dyr, fødevarer, drikkevarer og tobak"
1543,Irak,2020,0,"levende dyr, fødevarer, drikkevarer og tobak"
1544,Irak,2021,2,"levende dyr, fødevarer, drikkevarer og tobak"
1556,Iran,2018,34067,"levende dyr, fødevarer, drikkevarer og tobak"
1557,Iran,2019,36098,"levende dyr, fødevarer, drikkevarer og tobak"
1558,Iran,2020,38963,"levende dyr, fødevarer, drikkevarer og tobak"
1559,Iran,2021,40880,"levende dyr, fødevarer, drikkevarer og tobak"
1571,Irland,2018,891149,"levende dyr, fødevarer, drikkevarer og tobak"
1572,Irland,2019,954631,"levende dyr, fødevarer, drikkevarer og tobak"
1573,Irland,2020,850726,"levende dyr, fødevarer, drikkevarer og tobak"
1574,Irland,2021,906132,"levende dyr, fødevarer, drikkevarer og tobak"
1586,Island,2018,459122,"levende dyr, fødevarer, drikkevarer og tobak"
1587,Island,2019,442613,"levende dyr, fødevarer, drikkevarer og tobak"
1588,Island,2020,533863,"levende dyr, fødevarer, drikkevarer og tobak"
1589,Island,2021,624363,"levende dyr, fødevarer, drikkevarer og tobak"
1601,Israel,2018,21504,"levende dyr, fødevarer, drikkevarer og tobak"
1602,Israel,2019,39082,"levende dyr, fødevarer, drikkevarer og tobak"
1603,Israel,2020,22795,"levende dyr, fødevarer, drikkevarer og tobak"
1604,Israel,2021,26901,"levende dyr, fødevarer, drikkevarer og tobak"
1616,Italien,2018,3933203,"levende dyr, fødevarer, drikkevarer og tobak"
1617,Italien,2019,3893175,"levende dyr, fødevarer, drikkevarer og tobak"
1618,Italien,2020,4191778,"levende dyr, fødevarer, drikkevarer og tobak"
1619,Italien,2021,4792590,"levende dyr, fødevarer, drikkevarer og tobak"
1631,Jamaica,2018,604,"levende dyr, fødevarer, drikkevarer og tobak"
1632,Jamaica,2019,1429,"levende dyr, fødevarer, drikkevarer og tobak"
1633,Jamaica,2020,932,"levende dyr, fødevarer, drikkevarer og tobak"
1634,Jamaica,2021,3055,"levende dyr, fødevarer, drikkevarer og tobak"
1646,Japan,2018,22676,"levende dyr, fødevarer, drikkevarer og tobak"
1647,Japan,2019,31364,"levende dyr, fødevarer, drikkevarer og tobak"
1648,Japan,2020,28712,"levende dyr, fødevarer, drikkevarer og tobak"
1649,Japan,2021,51693,"levende dyr, fødevarer, drikkevarer og tobak"
1661,Jordan,2018,1899,"levende dyr, fødevarer, drikkevarer og tobak"
1662,Jordan,2019,2051,"levende dyr, fødevarer, drikkevarer og tobak"
1663,Jordan,2020,2157,"levende dyr, fødevarer, drikkevarer og tobak"
1664,Jordan,2021,1876,"levende dyr, fødevarer, drikkevarer og tobak"
1676,Jugoslavien,2018,0,"levende dyr, fødevarer, drikkevarer og tobak"
1677,Jugoslavien,2019,0,"levende dyr, fødevarer, drikkevarer og tobak"
1678,Jugoslavien,2020,0,"levende dyr, fødevarer, drikkevarer og tobak"
1679,Jugoslavien,2021,0,"levende dyr, fødevarer, drikkevarer og tobak"
1691,Juleøen,2018,0,"levende dyr, fødevarer, drikkevarer og tobak"
1692,Juleøen,2019,0,"levende dyr, fødevarer, drikkevarer og tobak"
1693,Juleøen,2020,0,"levende dyr, fødevarer, drikkevarer og tobak"
1694,Juleøen,2021,0,"levende dyr, fødevarer, drikkevarer og tobak"
1706,Kanariske Øer,2018,0,"levende dyr, fødevarer, drikkevarer og tobak"
1707,Kanariske Øer,2019,0,"levende dyr, fødevarer, drikkevarer og tobak"
1708,Kanariske Øer,2020,0,"levende dyr, fødevarer, drikkevarer og tobak"
1709,Kanariske Øer,2021,0,"levende dyr, fødevarer, drikkevarer og tobak"
1721,Kap Verde,2018,0,"levende dyr, fødevarer, drikkevarer og tobak"
1722,Kap Verde,2019,0,"levende dyr, fødevarer, drikkevarer og tobak"
1723,Kap Verde,2020,0,"levende dyr, fødevarer, drikkevarer og tobak"
1724,Kap Verde,2021,0,"levende dyr, fødevarer, drikkevarer og tobak"
1736,Kasakhstan,2018,725,"levende dyr, fødevarer, drikkevarer og tobak"
1737,Kasakhstan,2019,5439,"levende dyr, fødevarer, drikkevarer og tobak"
1738,Kasakhstan,2020,36255,"levende dyr, fødevarer, drikkevarer og tobak"
1739,Kasakhstan,2021,9852,"levende dyr, fødevarer, drikkevarer og tobak"
1751,Kenya,2018,19004,"levende dyr, fødevarer, drikkevarer og tobak"
1752,Kenya,2019,26154,"levende dyr, fødevarer, drikkevarer og tobak"
1753,Kenya,2020,41908,"levende dyr, fødevarer, drikkevarer og tobak"
1754,Kenya,2021,55091,"levende dyr, fødevarer, drikkevarer og tobak"
1766,Kina,2018,1153546,"levende dyr, fødevarer, drikkevarer og tobak"
1767,Kina,2019,1030077,"levende dyr, fødevarer, drikkevarer og tobak"
1768,Kina,2020,800927,"levende dyr, fødevarer, drikkevarer og tobak"
1769,Kina,2021,874472,"levende dyr, fødevarer, drikkevarer og tobak"
1781,Kirgisistan,2018,312,"levende dyr, fødevarer, drikkevarer og tobak"
1782,Kirgisistan,2019,144,"levende dyr, fødevarer, drikkevarer og tobak"
1783,Kirgisistan,2020,22,"levende dyr, fødevarer, drikkevarer og tobak"
1784,Kirgisistan,2021,187,"levende dyr, fødevarer, drikkevarer og tobak"
1796,Kosovo,2018,11,"levende dyr, fødevarer, drikkevarer og tobak"
1797,Kosovo,2019,27,"levende dyr, fødevarer, drikkevarer og tobak"
1798,Kosovo,2020,94,"levende dyr, fødevarer, drikkevarer og tobak"
1799,Kosovo,2021,587,"levende dyr, fødevarer, drikkevarer og tobak"
1811,Kroatien,2018,14802,"levende dyr, fødevarer, drikkevarer og tobak"
1812,Kroatien,2019,16768,"levende dyr, fødevarer, drikkevarer og tobak"
1813,Kroatien,2020,16574,"levende dyr, fødevarer, drikkevarer og tobak"
1814,Kroatien,2021,23128,"levende dyr, fødevarer, drikkevarer og tobak"
1826,Kuwait,2018,9,"levende dyr, fødevarer, drikkevarer og tobak"
1827,Kuwait,2019,24,"levende dyr, fødevarer, drikkevarer og tobak"
1828,Kuwait,2020,11,"levende dyr, fødevarer, drikkevarer og tobak"
1829,Kuwait,2021,80,"levende dyr, fødevarer, drikkevarer og tobak"
1841,Laos,2018,514,"levende dyr, fødevarer, drikkevarer og tobak"
1842,Laos,2019,1923,"levende dyr, fødevarer, drikkevarer og tobak"
1843,Laos,2020,1109,"levende dyr, fødevarer, drikkevarer og tobak"
1844,Laos,2021,4616,"levende dyr, fødevarer, drikkevarer og tobak"
1856,Lesotho,2018,0,"levende dyr, fødevarer, drikkevarer og tobak"
1857,Lesotho,2019,0,"levende dyr, fødevarer, drikkevarer og tobak"
1858,Lesotho,2020,0,"levende dyr, fødevarer, drikkevarer og tobak"
1859,Lesotho,2021,0,"levende dyr, fødevarer, drikkevarer og tobak"
1871,Letland,2018,490243,"levende dyr, fødevarer, drikkevarer og tobak"
1872,Letland,2019,424854,"levende dyr, fødevarer, drikkevarer og tobak"
1873,Letland,2020,592650,"levende dyr, fødevarer, drikkevarer og tobak"
1874,Letland,2021,443940,"levende dyr, fødevarer, drikkevarer og tobak"
1886,Libanon,2018,5625,"levende dyr, fødevarer, drikkevarer og tobak"
1887,Libanon,2019,6248,"levende dyr, fødevarer, drikkevarer og tobak"
1888,Libanon,2020,7553,"levende dyr, fødevarer, drikkevarer og tobak"
1889,Libanon,2021,9291,"levende dyr, fødevarer, drikkevarer og tobak"
1901,Liberia,2018,0,"levende dyr, fødevarer, drikkevarer og tobak"
1902,Liberia,2019,0,"levende dyr, fødevarer, drikkevarer og tobak"
1903,Liberia,2020,0,"levende dyr, fødevarer, drikkevarer og tobak"
1904,Liberia,2021,0,"levende dyr, fødevarer, drikkevarer og tobak"
1916,Libyen,2018,0,"levende dyr, fødevarer, drikkevarer og tobak"
1917,Libyen,2019,0,"levende dyr, fødevarer, drikkevarer og tobak"
1918,Libyen,2020,0,"levende dyr, fødevarer, drikkevarer og tobak"
1919,Libyen,2021,0,"levende dyr, fødevarer, drikkevarer og tobak"
1931,Liechtenstein,2018,0,"levende dyr, fødevarer, drikkevarer og tobak"
1932,Liechtenstein,2019,0,"levende dyr, fødevarer, drikkevarer og tobak"
1933,Liechtenstein,2020,0,"levende dyr, fødevarer, drikkevarer og tobak"
1934,Liechtenstein,2021,0,"levende dyr, fødevarer, drikkevarer og tobak"
1946,Litauen,2018,724464,"levende dyr, fødevarer, drikkevarer og tobak"
1947,Litauen,2019,816534,"levende dyr, fødevarer, drikkevarer og tobak"
1948,Litauen,2020,768780,"levende dyr, fødevarer, drikkevarer og tobak"
1949,Litauen,2021,842975,"levende dyr, fødevarer, drikkevarer og tobak"
1961,Luxembourg,2018,315055,"levende dyr, fødevarer, drikkevarer og tobak"
1962,Luxembourg,2019,435805,"levende dyr, fødevarer, drikkevarer og tobak"
1963,Luxembourg,2020,302543,"levende dyr, fødevarer, drikkevarer og tobak"
1964,Luxembourg,2021,427847,"levende dyr, fødevarer, drikkevarer og tobak"
1976,Macao,2018,2,"levende dyr, fødevarer, drikkevarer og tobak"
1977,Macao,2019,0,"levende dyr, fødevarer, drikkevarer og tobak"
1978,Macao,2020,49,"levende dyr, fødevarer, drikkevarer og tobak"
1979,Macao,2021,0,"levende dyr, fødevarer, drikkevarer og tobak"
1991,Madagaskar,2018,15279,"levende dyr, fødevarer, drikkevarer og tobak"
1992,Madagaskar,2019,14138,"levende dyr, fødevarer, drikkevarer og tobak"
1993,Madagaskar,2020,14298,"levende dyr, fødevarer, drikkevarer og tobak"
1994,Madagaskar,2021,28735,"levende dyr, fødevarer, drikkevarer og tobak"
2006,Malawi,2018,38706,"levende dyr, fødevarer, drikkevarer og tobak"
2007,Malawi,2019,28313,"levende dyr, fødevarer, drikkevarer og tobak"
2008,Malawi,2020,36710,"levende dyr, fødevarer, drikkevarer og tobak"
2009,Malawi,2021,39018,"levende dyr, fødevarer, drikkevarer og tobak"
2021,Malaysia,2018,331172,"levende dyr, fødevarer, drikkevarer og tobak"
2022,Malaysia,2019,416063,"levende dyr, fødevarer, drikkevarer og tobak"
2023,Malaysia,2020,431521,"levende dyr, fødevarer, drikkevarer og tobak"
2024,Malaysia,2021,454388,"levende dyr, fødevarer, drikkevarer og tobak"
2036,Maldiverne,2018,179,"levende dyr, fødevarer, drikkevarer og tobak"
2037,Maldiverne,2019,1,"levende dyr, fødevarer, drikkevarer og tobak"
2038,Maldiverne,2020,0,"levende dyr, fødevarer, drikkevarer og tobak"
2039,Maldiverne,2021,54,"levende dyr, fødevarer, drikkevarer og tobak"
2051,Mali,2018,107,"levende dyr, fødevarer, drikkevarer og tobak"
2052,Mali,2019,80267,"levende dyr, fødevarer, drikkevarer og tobak"
2053,Mali,2020,173742,"levende dyr, fødevarer, drikkevarer og tobak"
2054,Mali,2021,69691,"levende dyr, fødevarer, drikkevarer og tobak"
2066,Malta,2018,11183,"levende dyr, fødevarer, drikkevarer og tobak"
2067,Malta,2019,8532,"levende dyr, fødevarer, drikkevarer og tobak"
2068,Malta,2020,4260,"levende dyr, fødevarer, drikkevarer og tobak"
2069,Malta,2021,5673,"levende dyr, fødevarer, drikkevarer og tobak"
2081,Marokko,2018,95100,"levende dyr, fødevarer, drikkevarer og tobak"
2082,Marokko,2019,120130,"levende dyr, fødevarer, drikkevarer og tobak"
2083,Marokko,2020,129228,"levende dyr, fødevarer, drikkevarer og tobak"
2084,Marokko,2021,83856,"levende dyr, fødevarer, drikkevarer og tobak"
2096,Marshalløerne,2018,0,"levende dyr, fødevarer, drikkevarer og tobak"
2097,Marshalløerne,2019,0,"levende dyr, fødevarer, drikkevarer og tobak"
2098,Marshalløerne,2020,0,"levende dyr, fødevarer, drikkevarer og tobak"
2099,Marshalløerne,2021,0,"levende dyr, fødevarer, drikkevarer og tobak"
2111,Martinique,2018,0,"levende dyr, fødevarer, drikkevarer og tobak"
2112,Martinique,2019,0,"levende dyr, fødevarer, drikkevarer og tobak"
2113,Martinique,2020,0,"levende dyr, fødevarer, drikkevarer og tobak"
2114,Martinique,2021,0,"levende dyr, fødevarer, drikkevarer og tobak"
2126,Mauritanien,2018,68183,"levende dyr, fødevarer, drikkevarer og tobak"
2127,Mauritanien,2019,30043,"levende dyr, fødevarer, drikkevarer og tobak"
2128,Mauritanien,2020,12061,"levende dyr, fødevarer, drikkevarer og tobak"
2129,Mauritanien,2021,1415,"levende dyr, fødevarer, drikkevarer og tobak"
2141,Mauritius,2018,23008,"levende dyr, fødevarer, drikkevarer og tobak"
2142,Mauritius,2019,39754,"levende dyr, fødevarer, drikkevarer og tobak"
2143,Mauritius,2020,21526,"levende dyr, fødevarer, drikkevarer og tobak"
2144,Mauritius,2021,19314,"levende dyr, fødevarer, drikkevarer og tobak"
2156,Mayotte,2018,0,"levende dyr, fødevarer, drikkevarer og tobak"
2157,Mayotte,2019,0,"levende dyr, fødevarer, drikkevarer og tobak"
2158,Mayotte,2020,0,"levende dyr, fødevarer, drikkevarer og tobak"
2159,Mayotte,2021,0,"levende dyr, fødevarer, drikkevarer og tobak"
2171,Melilla,2018,0,"levende dyr, fødevarer, drikkevarer og tobak"
2172,Melilla,2019,0,"levende dyr, fødevarer, drikkevarer og tobak"
2173,Melilla,2020,0,"levende dyr, fødevarer, drikkevarer og tobak"
2174,Melilla,2021,0,"levende dyr, fødevarer, drikkevarer og tobak"
2186,Mexico,2018,175954,"levende dyr, fødevarer, drikkevarer og tobak"
2187,Mexico,2019,141175,"levende dyr, fødevarer, drikkevarer og tobak"
2188,Mexico,2020,170054,"levende dyr, fødevarer, drikkevarer og tobak"
2189,Mexico,2021,232424,"levende dyr, fødevarer, drikkevarer og tobak"
2201,Mikronesiske Stater,2018,0,"levende dyr, fødevarer, drikkevarer og tobak"
2202,Mikronesiske Stater,2019,0,"levende dyr, fødevarer, drikkevarer og tobak"
2203,Mikronesiske Stater,2020,0,"levende dyr, fødevarer, drikkevarer og tobak"
2204,Mikronesiske Stater,2021,0,"levende dyr, fødevarer, drikkevarer og tobak"
2216,Moldova,2018,9008,"levende dyr, fødevarer, drikkevarer og tobak"
2217,Moldova,2019,13376,"levende dyr, fødevarer, drikkevarer og tobak"
2218,Moldova,2020,6191,"levende dyr, fødevarer, drikkevarer og tobak"
2219,Moldova,2021,8436,"levende dyr, fødevarer, drikkevarer og tobak"
2231,Mongoliet,2018,0,"levende dyr, fødevarer, drikkevarer og tobak"
2232,Mongoliet,2019,0,"levende dyr, fødevarer, drikkevarer og tobak"
2233,Mongoliet,2020,0,"levende dyr, fødevarer, drikkevarer og tobak"
2234,Mongoliet,2021,0,"levende dyr, fødevarer, drikkevarer og tobak"
2246,Montenegro,2018,0,"levende dyr, fødevarer, drikkevarer og tobak"
2247,Montenegro,2019,0,"levende dyr, fødevarer, drikkevarer og tobak"
2248,Montenegro,2020,61,"levende dyr, fødevarer, drikkevarer og tobak"
2249,Montenegro,2021,16,"levende dyr, fødevarer, drikkevarer og tobak"
2261,Montenegro (2005-2006),2018,0,"levende dyr, fødevarer, drikkevarer og tobak"
2262,Montenegro (2005-2006),2019,0,"levende dyr, fødevarer, drikkevarer og tobak"
2263,Montenegro (2005-2006),2020,0,"levende dyr, fødevarer, drikkevarer og tobak"
2264,Montenegro (2005-2006),2021,0,"levende dyr, fødevarer, drikkevarer og tobak"
2276,Montserrat,2018,0,"levende dyr, fødevarer, drikkevarer og tobak"
2277,Montserrat,2019,0,"levende dyr, fødevarer, drikkevarer og tobak"
2278,Montserrat,2020,0,"levende dyr, fødevarer, drikkevarer og tobak"
2279,Montserrat,2021,0,"levende dyr, fødevarer, drikkevarer og tobak"
2291,Mozambique,2018,956,"levende dyr, fødevarer, drikkevarer og tobak"
2292,Mozambique,2019,6035,"levende dyr, fødevarer, drikkevarer og tobak"
2293,Mozambique,2020,2193,"levende dyr, fødevarer, drikkevarer og tobak"
2294,Mozambique,2021,152,"levende dyr, fødevarer, drikkevarer og tobak"
2306,Myanmar,2018,3179,"levende dyr, fødevarer, drikkevarer og tobak"
2307,Myanmar,2019,760,"levende dyr, fødevarer, drikkevarer og tobak"
2308,Myanmar,2020,829,"levende dyr, fødevarer, drikkevarer og tobak"
2309,Myanmar,2021,2800,"levende dyr, fødevarer, drikkevarer og tobak"
2321,Namibia,2018,2970,"levende dyr, fødevarer, drikkevarer og tobak"
2322,Namibia,2019,6312,"levende dyr, fødevarer, drikkevarer og tobak"
2323,Namibia,2020,7746,"levende dyr, fødevarer, drikkevarer og tobak"
2324,Namibia,2021,12183,"levende dyr, fødevarer, drikkevarer og tobak"
2336,Nauru,2018,0,"levende dyr, fødevarer, drikkevarer og tobak"
2337,Nauru,2019,0,"levende dyr, fødevarer, drikkevarer og tobak"
2338,Nauru,2020,0,"levende dyr, fødevarer, drikkevarer og tobak"
2339,Nauru,2021,0,"levende dyr, fødevarer, drikkevarer og tobak"
2351,Nederlandene,2018,10013644,"levende dyr, fødevarer, drikkevarer og tobak"
2352,Nederlandene,2019,10500910,"levende dyr, fødevarer, drikkevarer og tobak"
2353,Nederlandene,2020,10600793,"levende dyr, fødevarer, drikkevarer og tobak"
2354,Nederlandene,2021,12295960,"levende dyr, fødevarer, drikkevarer og tobak"
2366,Nederlandske Antiller,2018,0,"levende dyr, fødevarer, drikkevarer og tobak"
2367,Nederlandske Antiller,2019,0,"levende dyr, fødevarer, drikkevarer og tobak"
2368,Nederlandske Antiller,2020,0,"levende dyr, fødevarer, drikkevarer og tobak"
2369,Nederlandske Antiller,2021,0,"levende dyr, fødevarer, drikkevarer og tobak"
2381,Nepal,2018,105,"levende dyr, fødevarer, drikkevarer og tobak"
2382,Nepal,2019,299,"levende dyr, fødevarer, drikkevarer og tobak"
2383,Nepal,2020,242,"levende dyr, fødevarer, drikkevarer og tobak"
2384,Nepal,2021,242,"levende dyr, fødevarer, drikkevarer og tobak"
2396,New Zealand,2018,373564,"levende dyr, fødevarer, drikkevarer og tobak"
2397,New Zealand,2019,265335,"levende dyr, fødevarer, drikkevarer og tobak"
2398,New Zealand,2020,183729,"levende dyr, fødevarer, drikkevarer og tobak"
2399,New Zealand,2021,240297,"levende dyr, fødevarer, drikkevarer og tobak"
2411,New Zealandsk Oceanien,2018,0,"levende dyr, fødevarer, drikkevarer og tobak"
2412,New Zealandsk Oceanien,2019,0,"levende dyr, fødevarer, drikkevarer og tobak"
2413,New Zealandsk Oceanien,2020,0,"levende dyr, fødevarer, drikkevarer og tobak"
2414,New Zealandsk Oceanien,2021,0,"levende dyr, fødevarer, drikkevarer og tobak"
2426,Nicaragua,2018,11047,"levende dyr, fødevarer, drikkevarer og tobak"
2427,Nicaragua,2019,19102,"levende dyr, fødevarer, drikkevarer og tobak"
2428,Nicaragua,2020,5757,"levende dyr, fødevarer, drikkevarer og tobak"
2429,Nicaragua,2021,3785,"levende dyr, fødevarer, drikkevarer og tobak"
2441,Niger,2018,0,"levende dyr, fødevarer, drikkevarer og tobak"
2442,Niger,2019,0,"levende dyr, fødevarer, drikkevarer og tobak"
2443,Niger,2020,0,"levende dyr, fødevarer, drikkevarer og tobak"
2444,Niger,2021,0,"levende dyr, fødevarer, drikkevarer og tobak"
2456,Nigeria,2018,2,"levende dyr, fødevarer, drikkevarer og tobak"
2457,Nigeria,2019,16,"levende dyr, fødevarer, drikkevarer og tobak"
2458,Nigeria,2020,14177,"levende dyr, fødevarer, drikkevarer og tobak"
2459,Nigeria,2021,5301,"levende dyr, fødevarer, drikkevarer og tobak"
2471,Niue,2018,0,"levende dyr, fødevarer, drikkevarer og tobak"
2472,Niue,2019,0,"levende dyr, fødevarer, drikkevarer og tobak"
2473,Niue,2020,0,"levende dyr, fødevarer, drikkevarer og tobak"
2474,Niue,2021,0,"levende dyr, fødevarer, drikkevarer og tobak"
2486,Nordkorea,2018,0,"levende dyr, fødevarer, drikkevarer og tobak"
2487,Nordkorea,2019,0,"levende dyr, fødevarer, drikkevarer og tobak"
2488,Nordkorea,2020,0,"levende dyr, fødevarer, drikkevarer og tobak"
2489,Nordkorea,2021,0,"levende dyr, fødevarer, drikkevarer og tobak"
2501,Nordmakedonien,2018,4667,"levende dyr, fødevarer, drikkevarer og tobak"
2502,Nordmakedonien,2019,8297,"levende dyr, fødevarer, drikkevarer og tobak"
2503,Nordmakedonien,2020,9489,"levende dyr, fødevarer, drikkevarer og tobak"
2504,Nordmakedonien,2021,9949,"levende dyr, fødevarer, drikkevarer og tobak"
2516,Nordmarianerne,2018,0,"levende dyr, fødevarer, drikkevarer og tobak"
2517,Nordmarianerne,2019,0,"levende dyr, fødevarer, drikkevarer og tobak"
2518,Nordmarianerne,2020,0,"levende dyr, fødevarer, drikkevarer og tobak"
2519,Nordmarianerne,2021,0,"levende dyr, fødevarer, drikkevarer og tobak"
2531,Norfolkøen,2018,0,"levende dyr, fødevarer, drikkevarer og tobak"
2532,Norfolkøen,2019,0,"levende dyr, fødevarer, drikkevarer og tobak"
2533,Norfolkøen,2020,0,"levende dyr, fødevarer, drikkevarer og tobak"
2534,Norfolkøen,2021,0,"levende dyr, fødevarer, drikkevarer og tobak"
2546,Norge,2018,6279502,"levende dyr, fødevarer, drikkevarer og tobak"
2547,Norge,2019,6878459,"levende dyr, fødevarer, drikkevarer og tobak"
2548,Norge,2020,6838861,"levende dyr, fødevarer, drikkevarer og tobak"
2549,Norge,2021,7726457,"levende dyr, fødevarer, drikkevarer og tobak"
2561,Ny Kaledonien,2018,0,"levende dyr, fødevarer, drikkevarer og tobak"
2562,Ny Kaledonien,2019,1,"levende dyr, fødevarer, drikkevarer og tobak"
2563,Ny Kaledonien,2020,0,"levende dyr, fødevarer, drikkevarer og tobak"
2564,Ny Kaledonien,2021,1,"levende dyr, fødevarer, drikkevarer og tobak"
2576,Oman,2018,102,"levende dyr, fødevarer, drikkevarer og tobak"
2577,Oman,2019,95,"levende dyr, fødevarer, drikkevarer og tobak"
2578,Oman,2020,36,"levende dyr, fødevarer, drikkevarer og tobak"
2579,Oman,2021,7,"levende dyr, fødevarer, drikkevarer og tobak"
2591,Pakistan,2018,36534,"levende dyr, fødevarer, drikkevarer og tobak"
2592,Pakistan,2019,38056,"levende dyr, fødevarer, drikkevarer og tobak"
2593,Pakistan,2020,43574,"levende dyr, fødevarer, drikkevarer og tobak"
2594,Pakistan,2021,38372,"levende dyr, fødevarer, drikkevarer og tobak"
2606,Palau,2018,0,"levende dyr, fødevarer, drikkevarer og tobak"
2607,Palau,2019,0,"levende dyr, fødevarer, drikkevarer og tobak"
2608,Palau,2020,0,"levende dyr, fødevarer, drikkevarer og tobak"
2609,Palau,2021,0,"levende dyr, fødevarer, drikkevarer og tobak"
2621,Panama,2018,70957,"levende dyr, fødevarer, drikkevarer og tobak"
2622,Panama,2019,96424,"levende dyr, fødevarer, drikkevarer og tobak"
2623,Panama,2020,100744,"levende dyr, fødevarer, drikkevarer og tobak"
2624,Panama,2021,61701,"levende dyr, fødevarer, drikkevarer og tobak"
2636,Panamakanalzonen,2018,0,"levende dyr, fødevarer, drikkevarer og tobak"
2637,Panamakanalzonen,2019,0,"levende dyr, fødevarer, drikkevarer og tobak"
2638,Panamakanalzonen,2020,0,"levende dyr, fødevarer, drikkevarer og tobak"
2639,Panamakanalzonen,2021,0,"levende dyr, fødevarer, drikkevarer og tobak"
2651,Papua Ny Guinea,2018,1876,"levende dyr, fødevarer, drikkevarer og tobak"
2652,Papua Ny Guinea,2019,5511,"levende dyr, fødevarer, drikkevarer og tobak"
2653,Papua Ny Guinea,2020,3597,"levende dyr, fødevarer, drikkevarer og tobak"
2654,Papua Ny Guinea,2021,2102,"levende dyr, fødevarer, drikkevarer og tobak"
2666,Paraguay,2018,161993,"levende dyr, fødevarer, drikkevarer og tobak"
2667,Paraguay,2019,111120,"levende dyr, fødevarer, drikkevarer og tobak"
2668,Paraguay,2020,188902,"levende dyr, fødevarer, drikkevarer og tobak"
2669,Paraguay,2021,201672,"levende dyr, fødevarer, drikkevarer og tobak"
2681,Peru,2018,440140,"levende dyr, fødevarer, drikkevarer og tobak"
2682,Peru,2019,433767,"levende dyr, fødevarer, drikkevarer og tobak"
2683,Peru,2020,230454,"levende dyr, fødevarer, drikkevarer og tobak"
2684,Peru,2021,502696,"levende dyr, fødevarer, drikkevarer og tobak"
2696,Pitcairn,2018,0,"levende dyr, fødevarer, drikkevarer og tobak"
2697,Pitcairn,2019,0,"levende dyr, fødevarer, drikkevarer og tobak"
2698,Pitcairn,2020,0,"levende dyr, fødevarer, drikkevarer og tobak"
2699,Pitcairn,2021,0,"levende dyr, fødevarer, drikkevarer og tobak"
2711,Polarområder,2018,0,"levende dyr, fødevarer, drikkevarer og tobak"
2712,Polarområder,2019,0,"levende dyr, fødevarer, drikkevarer og tobak"
2713,Polarområder,2020,0,"levende dyr, fødevarer, drikkevarer og tobak"
2714,Polarområder,2021,0,"levende dyr, fødevarer, drikkevarer og tobak"
2726,Polen,2018,3602624,"levende dyr, fødevarer, drikkevarer og tobak"
2727,Polen,2019,3832012,"levende dyr, fødevarer, drikkevarer og tobak"
2728,Polen,2020,4536751,"levende dyr, fødevarer, drikkevarer og tobak"
2729,Polen,2021,5149679,"levende dyr, fødevarer, drikkevarer og tobak"
2741,Portugal,2018,222903,"levende dyr, fødevarer, drikkevarer og tobak"
2742,Portugal,2019,233598,"levende dyr, fødevarer, drikkevarer og tobak"
2743,Portugal,2020,235379,"levende dyr, fødevarer, drikkevarer og tobak"
2744,Portugal,2021,266578,"levende dyr, fødevarer, drikkevarer og tobak"
2756,Portugisisk Timor,2018,0,"levende dyr, fødevarer, drikkevarer og tobak"
2757,Portugisisk Timor,2019,0,"levende dyr, fødevarer, drikkevarer og tobak"
2758,Portugisisk Timor,2020,0,"levende dyr, fødevarer, drikkevarer og tobak"
2759,Portugisisk Timor,2021,0,"levende dyr, fødevarer, drikkevarer og tobak"
2771,Puerto Rico,2018,0,"levende dyr, fødevarer, drikkevarer og tobak"
2772,Puerto Rico,2019,0,"levende dyr, fødevarer, drikkevarer og tobak"
2773,Puerto Rico,2020,0,"levende dyr, fødevarer, drikkevarer og tobak"
2774,Puerto Rico,2021,0,"levende dyr, fødevarer, drikkevarer og tobak"
2786,Qatar,2018,7,"levende dyr, fødevarer, drikkevarer og tobak"
2787,Qatar,2019,0,"levende dyr, fødevarer, drikkevarer og tobak"
2788,Qatar,2020,0,"levende dyr, fødevarer, drikkevarer og tobak"
2789,Qatar,2021,2,"levende dyr, fødevarer, drikkevarer og tobak"
2801,Reunion,2018,0,"levende dyr, fødevarer, drikkevarer og tobak"
2802,Reunion,2019,0,"levende dyr, fødevarer, drikkevarer og tobak"
2803,Reunion,2020,0,"levende dyr, fødevarer, drikkevarer og tobak"
2804,Reunion,2021,0,"levende dyr, fødevarer, drikkevarer og tobak"
2816,Rumænien,2018,243183,"levende dyr, fødevarer, drikkevarer og tobak"
2817,Rumænien,2019,241280,"levende dyr, fødevarer, drikkevarer og tobak"
2818,Rumænien,2020,232219,"levende dyr, fødevarer, drikkevarer og tobak"
2819,Rumænien,2021,199611,"levende dyr, fødevarer, drikkevarer og tobak"
2831,Rusland,2018,1122729,"levende dyr, fødevarer, drikkevarer og tobak"
2832,Rusland,2019,1256028,"levende dyr, fødevarer, drikkevarer og tobak"
2833,Rusland,2020,1125064,"levende dyr, fødevarer, drikkevarer og tobak"
2834,Rusland,2021,1580197,"levende dyr, fødevarer, drikkevarer og tobak"
2846,Rwanda,2018,1474,"levende dyr, fødevarer, drikkevarer og tobak"
2847,Rwanda,2019,7036,"levende dyr, fødevarer, drikkevarer og tobak"
2848,Rwanda,2020,1311,"levende dyr, fødevarer, drikkevarer og tobak"
2849,Rwanda,2021,727,"levende dyr, fødevarer, drikkevarer og tobak"
2861,Saint-Barthelemy,2018,0,"levende dyr, fødevarer, drikkevarer og tobak"
2862,Saint-Barthelemy,2019,47,"levende dyr, fødevarer, drikkevarer og tobak"
2863,Saint-Barthelemy,2020,0,"levende dyr, fødevarer, drikkevarer og tobak"
2864,Saint-Barthelemy,2021,0,"levende dyr, fødevarer, drikkevarer og tobak"
2876,Salomonøerne,2018,0,"levende dyr, fødevarer, drikkevarer og tobak"
2877,Salomonøerne,2019,0,"levende dyr, fødevarer, drikkevarer og tobak"
2878,Salomonøerne,2020,0,"levende dyr, fødevarer, drikkevarer og tobak"
2879,Salomonøerne,2021,0,"levende dyr, fødevarer, drikkevarer og tobak"
2891,Samoa,2018,0,"levende dyr, fødevarer, drikkevarer og tobak"
2892,Samoa,2019,0,"levende dyr, fødevarer, drikkevarer og tobak"
2893,Samoa,2020,0,"levende dyr, fødevarer, drikkevarer og tobak"
2894,Samoa,2021,0,"levende dyr, fødevarer, drikkevarer og tobak"
2906,San Marino,2018,0,"levende dyr, fødevarer, drikkevarer og tobak"
2907,San Marino,2019,46,"levende dyr, fødevarer, drikkevarer og tobak"
2908,San Marino,2020,0,"levende dyr, fødevarer, drikkevarer og tobak"
2909,San Marino,2021,0,"levende dyr, fødevarer, drikkevarer og tobak"
2921,Sao Tomé og  Principe,2018,0,"levende dyr, fødevarer, drikkevarer og tobak"
2922,Sao Tomé og  Principe,2019,0,"levende dyr, fødevarer, drikkevarer og tobak"
2923,Sao Tomé og  Principe,2020,0,"levende dyr, fødevarer, drikkevarer og tobak"
2924,Sao Tomé og  Principe,2021,0,"levende dyr, fødevarer, drikkevarer og tobak"
2936,Saudi-Arabien,2018,2465,"levende dyr, fødevarer, drikkevarer og tobak"
2937,Saudi-Arabien,2019,1757,"levende dyr, fødevarer, drikkevarer og tobak"
2938,Saudi-Arabien,2020,4487,"levende dyr, fødevarer, drikkevarer og tobak"
2939,Saudi-Arabien,2021,2292,"levende dyr, fødevarer, drikkevarer og tobak"
2951,Schweiz,2018,243020,"levende dyr, fødevarer, drikkevarer og tobak"
2952,Schweiz,2019,271963,"levende dyr, fødevarer, drikkevarer og tobak"
2953,Schweiz,2020,261213,"levende dyr, fødevarer, drikkevarer og tobak"
2954,Schweiz,2021,335262,"levende dyr, fødevarer, drikkevarer og tobak"
2966,Senegal,2018,1306,"levende dyr, fødevarer, drikkevarer og tobak"
2967,Senegal,2019,10325,"levende dyr, fødevarer, drikkevarer og tobak"
2968,Senegal,2020,6481,"levende dyr, fødevarer, drikkevarer og tobak"
2969,Senegal,2021,21,"levende dyr, fødevarer, drikkevarer og tobak"
2981,Serbien,2018,19887,"levende dyr, fødevarer, drikkevarer og tobak"
2982,Serbien,2019,22147,"levende dyr, fødevarer, drikkevarer og tobak"
2983,Serbien,2020,25116,"levende dyr, fødevarer, drikkevarer og tobak"
2984,Serbien,2021,32797,"levende dyr, fødevarer, drikkevarer og tobak"
2996,Seychellerne,2018,33000,"levende dyr, fødevarer, drikkevarer og tobak"
2997,Seychellerne,2019,31490,"levende dyr, fødevarer, drikkevarer og tobak"
2998,Seychellerne,2020,28683,"levende dyr, fødevarer, drikkevarer og tobak"
2999,Seychellerne,2021,36095,"levende dyr, fødevarer, drikkevarer og tobak"
3011,Sierra Leone,2018,0,"levende dyr, fødevarer, drikkevarer og tobak"
3012,Sierra Leone,2019,0,"levende dyr, fødevarer, drikkevarer og tobak"
3013,Sierra Leone,2020,19,"levende dyr, fødevarer, drikkevarer og tobak"
3014,Sierra Leone,2021,0,"levende dyr, fødevarer, drikkevarer og tobak"
3026,Singapore,2018,8724,"levende dyr, fødevarer, drikkevarer og tobak"
3027,Singapore,2019,12242,"levende dyr, fødevarer, drikkevarer og tobak"
3028,Singapore,2020,36661,"levende dyr, fødevarer, drikkevarer og tobak"
3029,Singapore,2021,12294,"levende dyr, fødevarer, drikkevarer og tobak"
3041,Skt. Helena,2018,0,"levende dyr, fødevarer, drikkevarer og tobak"
3042,Skt. Helena,2019,0,"levende dyr, fødevarer, drikkevarer og tobak"
3043,Skt. Helena,2020,0,"levende dyr, fødevarer, drikkevarer og tobak"
3044,Skt. Helena,2021,20,"levende dyr, fødevarer, drikkevarer og tobak"
3056,Skt. Kitts og Nevis,2018,1,"levende dyr, fødevarer, drikkevarer og tobak"
3057,Skt. Kitts og Nevis,2019,1,"levende dyr, fødevarer, drikkevarer og tobak"
3058,Skt. Kitts og Nevis,2020,0,"levende dyr, fødevarer, drikkevarer og tobak"
3059,Skt. Kitts og Nevis,2021,2,"levende dyr, fødevarer, drikkevarer og tobak"
3071,Skt. Lucia,2018,123,"levende dyr, fødevarer, drikkevarer og tobak"
3072,Skt. Lucia,2019,313,"levende dyr, fødevarer, drikkevarer og tobak"
3073,Skt. Lucia,2020,1,"levende dyr, fødevarer, drikkevarer og tobak"
3074,Skt. Lucia,2021,10,"levende dyr, fødevarer, drikkevarer og tobak"
3086,Skt. Martin (NL),2018,0,"levende dyr, fødevarer, drikkevarer og tobak"
3087,Skt. Martin (NL),2019,0,"levende dyr, fødevarer, drikkevarer og tobak"
3088,Skt. Martin (NL),2020,0,"levende dyr, fødevarer, drikkevarer og tobak"
3089,Skt. Martin (NL),2021,0,"levende dyr, fødevarer, drikkevarer og tobak"
3101,Skt. Pierre og Miquelon,2018,0,"levende dyr, fødevarer, drikkevarer og tobak"
3102,Skt. Pierre og Miquelon,2019,0,"levende dyr, fødevarer, drikkevarer og tobak"
3103,Skt. Pierre og Miquelon,2020,0,"levende dyr, fødevarer, drikkevarer og tobak"
3104,Skt. Pierre og Miquelon,2021,0,"levende dyr, fødevarer, drikkevarer og tobak"
3116,Skt. Vincent og Grenadinerne,2018,0,"levende dyr, fødevarer, drikkevarer og tobak"
3117,Skt. Vincent og Grenadinerne,2019,3,"levende dyr, fødevarer, drikkevarer og tobak"
3118,Skt. Vincent og Grenadinerne,2020,1,"levende dyr, fødevarer, drikkevarer og tobak"
3119,Skt. Vincent og Grenadinerne,2021,0,"levende dyr, fødevarer, drikkevarer og tobak"
3131,Slovakiet,2018,40472,"levende dyr, fødevarer, drikkevarer og tobak"
3132,Slovakiet,2019,41608,"levende dyr, fødevarer, drikkevarer og tobak"
3133,Slovakiet,2020,53516,"levende dyr, fødevarer, drikkevarer og tobak"
3134,Slovakiet,2021,57802,"levende dyr, fødevarer, drikkevarer og tobak"
3146,Slovenien,2018,85215,"levende dyr, fødevarer, drikkevarer og tobak"
3147,Slovenien,2019,91380,"levende dyr, fødevarer, drikkevarer og tobak"
3148,Slovenien,2020,115747,"levende dyr, fødevarer, drikkevarer og tobak"
3149,Slovenien,2021,96390,"levende dyr, fødevarer, drikkevarer og tobak"
3161,Somalia,2018,0,"levende dyr, fødevarer, drikkevarer og tobak"
3162,Somalia,2019,0,"levende dyr, fødevarer, drikkevarer og tobak"
3163,Somalia,2020,0,"levende dyr, fødevarer, drikkevarer og tobak"
3164,Somalia,2021,13,"levende dyr, fødevarer, drikkevarer og tobak"
3176,South Georgia og De Sydlige Sandwichøer,2018,0,"levende dyr, fødevarer, drikkevarer og tobak"
3177,South Georgia og De Sydlige Sandwichøer,2019,0,"levende dyr, fødevarer, drikkevarer og tobak"
3178,South Georgia og De Sydlige Sandwichøer,2020,0,"levende dyr, fødevarer, drikkevarer og tobak"
3179,South Georgia og De Sydlige Sandwichøer,2021,0,"levende dyr, fødevarer, drikkevarer og tobak"
3191,Sovjetunionen,2018,0,"levende dyr, fødevarer, drikkevarer og tobak"
3192,Sovjetunionen,2019,0,"levende dyr, fødevarer, drikkevarer og tobak"
3193,Sovjetunionen,2020,0,"levende dyr, fødevarer, drikkevarer og tobak"
3194,Sovjetunionen,2021,0,"levende dyr, fødevarer, drikkevarer og tobak"
3206,Spanien,2018,3142362,"levende dyr, fødevarer, drikkevarer og tobak"
3207,Spanien,2019,3134766,"levende dyr, fødevarer, drikkevarer og tobak"
3208,Spanien,2020,3191010,"levende dyr, fødevarer, drikkevarer og tobak"
3209,Spanien,2021,3805259,"levende dyr, fødevarer, drikkevarer og tobak"
3221,Sri Lanka,2018,25858,"levende dyr, fødevarer, drikkevarer og tobak"
3222,Sri Lanka,2019,23647,"levende dyr, fødevarer, drikkevarer og tobak"
3223,Sri Lanka,2020,27390,"levende dyr, fødevarer, drikkevarer og tobak"
3224,Sri Lanka,2021,36558,"levende dyr, fødevarer, drikkevarer og tobak"
3236,Storbritannien,2018,3001210,"levende dyr, fødevarer, drikkevarer og tobak"
3237,Storbritannien,2019,3187622,"levende dyr, fødevarer, drikkevarer og tobak"
3238,Storbritannien,2020,2821659,"levende dyr, fødevarer, drikkevarer og tobak"
3239,Storbritannien,2021,1761257,"levende dyr, fødevarer, drikkevarer og tobak"
3251,Sudan,2018,0,"levende dyr, fødevarer, drikkevarer og tobak"
3252,Sudan,2019,21,"levende dyr, fødevarer, drikkevarer og tobak"
3253,Sudan,2020,1,"levende dyr, fødevarer, drikkevarer og tobak"
3254,Sudan,2021,1,"levende dyr, fødevarer, drikkevarer og tobak"
3266,Suriname,2018,1382,"levende dyr, fødevarer, drikkevarer og tobak"
3267,Suriname,2019,98,"levende dyr, fødevarer, drikkevarer og tobak"
3268,Suriname,2020,0,"levende dyr, fødevarer, drikkevarer og tobak"
3269,Suriname,2021,0,"levende dyr, fødevarer, drikkevarer og tobak"
3281,Svalbard,2018,0,"levende dyr, fødevarer, drikkevarer og tobak"
3282,Svalbard,2019,0,"levende dyr, fødevarer, drikkevarer og tobak"
3283,Svalbard,2020,0,"levende dyr, fødevarer, drikkevarer og tobak"
3284,Svalbard,2021,0,"levende dyr, fødevarer, drikkevarer og tobak"
3296,Sverige,2018,6035957,"levende dyr, fødevarer, drikkevarer og tobak"
3297,Sverige,2019,6648841,"levende dyr, fødevarer, drikkevarer og tobak"
3298,Sverige,2020,6884657,"levende dyr, fødevarer, drikkevarer og tobak"
3299,Sverige,2021,7623462,"levende dyr, fødevarer, drikkevarer og tobak"
3311,Sydafrika,2018,383897,"levende dyr, fødevarer, drikkevarer og tobak"
3312,Sydafrika,2019,415716,"levende dyr, fødevarer, drikkevarer og tobak"
3313,Sydafrika,2020,346141,"levende dyr, fødevarer, drikkevarer og tobak"
3314,Sydafrika,2021,338487,"levende dyr, fødevarer, drikkevarer og tobak"
3326,Sydkorea,2018,5289,"levende dyr, fødevarer, drikkevarer og tobak"
3327,Sydkorea,2019,12046,"levende dyr, fødevarer, drikkevarer og tobak"
3328,Sydkorea,2020,19174,"levende dyr, fødevarer, drikkevarer og tobak"
3329,Sydkorea,2021,27533,"levende dyr, fødevarer, drikkevarer og tobak"
3341,Sydsudan,2018,0,"levende dyr, fødevarer, drikkevarer og tobak"
3342,Sydsudan,2019,0,"levende dyr, fødevarer, drikkevarer og tobak"
3343,Sydsudan,2020,0,"levende dyr, fødevarer, drikkevarer og tobak"
3344,Sydsudan,2021,0,"levende dyr, fødevarer, drikkevarer og tobak"
3356,Sydyemen,2018,0,"levende dyr, fødevarer, drikkevarer og tobak"
3357,Sydyemen,2019,0,"levende dyr, fødevarer, drikkevarer og tobak"
3358,Sydyemen,2020,0,"levende dyr, fødevarer, drikkevarer og tobak"
3359,Sydyemen,2021,0,"levende dyr, fødevarer, drikkevarer og tobak"
3371,Syrien,2018,2112,"levende dyr, fødevarer, drikkevarer og tobak"
3372,Syrien,2019,3722,"levende dyr, fødevarer, drikkevarer og tobak"
3373,Syrien,2020,3832,"levende dyr, fødevarer, drikkevarer og tobak"
3374,Syrien,2021,1812,"levende dyr, fødevarer, drikkevarer og tobak"
3386,Tadsjikistan,2018,0,"levende dyr, fødevarer, drikkevarer og tobak"
3387,Tadsjikistan,2019,0,"levende dyr, fødevarer, drikkevarer og tobak"
3388,Tadsjikistan,2020,0,"levende dyr, fødevarer, drikkevarer og tobak"
3389,Tadsjikistan,2021,0,"levende dyr, fødevarer, drikkevarer og tobak"
3401,Taiwan,2018,1321,"levende dyr, fødevarer, drikkevarer og tobak"
3402,Taiwan,2019,3068,"levende dyr, fødevarer, drikkevarer og tobak"
3403,Taiwan,2020,2967,"levende dyr, fødevarer, drikkevarer og tobak"
3404,Taiwan,2021,6842,"levende dyr, fødevarer, drikkevarer og tobak"
3416,Tanzania,2018,11895,"levende dyr, fødevarer, drikkevarer og tobak"
3417,Tanzania,2019,11861,"levende dyr, fødevarer, drikkevarer og tobak"
3418,Tanzania,2020,15931,"levende dyr, fødevarer, drikkevarer og tobak"
3419,Tanzania,2021,6128,"levende dyr, fødevarer, drikkevarer og tobak"
3431,Tchad,2018,0,"levende dyr, fødevarer, drikkevarer og tobak"
3432,Tchad,2019,0,"levende dyr, fødevarer, drikkevarer og tobak"
3433,Tchad,2020,0,"levende dyr, fødevarer, drikkevarer og tobak"
3434,Tchad,2021,0,"levende dyr, fødevarer, drikkevarer og tobak"
3446,Thailand,2018,236463,"levende dyr, fødevarer, drikkevarer og tobak"
3447,Thailand,2019,246960,"levende dyr, fødevarer, drikkevarer og tobak"
3448,Thailand,2020,241330,"levende dyr, fødevarer, drikkevarer og tobak"
3449,Thailand,2021,252092,"levende dyr, fødevarer, drikkevarer og tobak"
3461,Tjekkiet,2018,254480,"levende dyr, fødevarer, drikkevarer og tobak"
3462,Tjekkiet,2019,238383,"levende dyr, fødevarer, drikkevarer og tobak"
3463,Tjekkiet,2020,317255,"levende dyr, fødevarer, drikkevarer og tobak"
3464,Tjekkiet,2021,403497,"levende dyr, fødevarer, drikkevarer og tobak"
3476,Tjekkoslovakiet,2018,0,"levende dyr, fødevarer, drikkevarer og tobak"
3477,Tjekkoslovakiet,2019,0,"levende dyr, fødevarer, drikkevarer og tobak"
3478,Tjekkoslovakiet,2020,0,"levende dyr, fødevarer, drikkevarer og tobak"
3479,Tjekkoslovakiet,2021,0,"levende dyr, fødevarer, drikkevarer og tobak"
3491,Togo,2018,1,"levende dyr, fødevarer, drikkevarer og tobak"
3492,Togo,2019,0,"levende dyr, fødevarer, drikkevarer og tobak"
3493,Togo,2020,21586,"levende dyr, fødevarer, drikkevarer og tobak"
3494,Togo,2021,2468,"levende dyr, fødevarer, drikkevarer og tobak"
3506,Tokelau,2018,0,"levende dyr, fødevarer, drikkevarer og tobak"
3507,Tokelau,2019,0,"levende dyr, fødevarer, drikkevarer og tobak"
3508,Tokelau,2020,0,"levende dyr, fødevarer, drikkevarer og tobak"
3509,Tokelau,2021,0,"levende dyr, fødevarer, drikkevarer og tobak"
3521,Tonga,2018,0,"levende dyr, fødevarer, drikkevarer og tobak"
3522,Tonga,2019,0,"levende dyr, fødevarer, drikkevarer og tobak"
3523,Tonga,2020,0,"levende dyr, fødevarer, drikkevarer og tobak"
3524,Tonga,2021,0,"levende dyr, fødevarer, drikkevarer og tobak"
3536,Trinidad og Tobago,2018,18,"levende dyr, fødevarer, drikkevarer og tobak"
3537,Trinidad og Tobago,2019,15,"levende dyr, fødevarer, drikkevarer og tobak"
3538,Trinidad og Tobago,2020,0,"levende dyr, fødevarer, drikkevarer og tobak"
3539,Trinidad og Tobago,2021,1,"levende dyr, fødevarer, drikkevarer og tobak"
3551,Tunesien,2018,37079,"levende dyr, fødevarer, drikkevarer og tobak"
3552,Tunesien,2019,50246,"levende dyr, fødevarer, drikkevarer og tobak"
3553,Tunesien,2020,36931,"levende dyr, fødevarer, drikkevarer og tobak"
3554,Tunesien,2021,58734,"levende dyr, fødevarer, drikkevarer og tobak"
3566,Turkmenistan,2018,0,"levende dyr, fødevarer, drikkevarer og tobak"
3567,Turkmenistan,2019,0,"levende dyr, fødevarer, drikkevarer og tobak"
3568,Turkmenistan,2020,8,"levende dyr, fødevarer, drikkevarer og tobak"
3569,Turkmenistan,2021,0,"levende dyr, fødevarer, drikkevarer og tobak"
3581,Turks- og Caicosøerne,2018,0,"levende dyr, fødevarer, drikkevarer og tobak"
3582,Turks- og Caicosøerne,2019,0,"levende dyr, fødevarer, drikkevarer og tobak"
3583,Turks- og Caicosøerne,2020,0,"levende dyr, fødevarer, drikkevarer og tobak"
3584,Turks- og Caicosøerne,2021,0,"levende dyr, fødevarer, drikkevarer og tobak"
3596,Tuvalu,2018,0,"levende dyr, fødevarer, drikkevarer og tobak"
3597,Tuvalu,2019,0,"levende dyr, fødevarer, drikkevarer og tobak"
3598,Tuvalu,2020,0,"levende dyr, fødevarer, drikkevarer og tobak"
3599,Tuvalu,2021,0,"levende dyr, fødevarer, drikkevarer og tobak"
3611,Tyrkiet,2018,397153,"levende dyr, fødevarer, drikkevarer og tobak"
3612,Tyrkiet,2019,332149,"levende dyr, fødevarer, drikkevarer og tobak"
3613,Tyrkiet,2020,294309,"levende dyr, fødevarer, drikkevarer og tobak"
3614,Tyrkiet,2021,270015,"levende dyr, fødevarer, drikkevarer og tobak"
3626,Tyskland,2018,19661345,"levende dyr, fødevarer, drikkevarer og tobak"
3627,Tyskland,2019,19824846,"levende dyr, fødevarer, drikkevarer og tobak"
3628,Tyskland,2020,19001572,"levende dyr, fødevarer, drikkevarer og tobak"
3629,Tyskland,2021,20190156,"levende dyr, fødevarer, drikkevarer og tobak"
3641,USA,2018,1639204,"levende dyr, fødevarer, drikkevarer og tobak"
3642,USA,2019,1595038,"levende dyr, fødevarer, drikkevarer og tobak"
3643,USA,2020,1579554,"levende dyr, fødevarer, drikkevarer og tobak"
3644,USA,2021,1821610,"levende dyr, fødevarer, drikkevarer og tobak"
3656,USAs mindre øbesiddelser,2018,0,"levende dyr, fødevarer, drikkevarer og tobak"
3657,USAs mindre øbesiddelser,2019,0,"levende dyr, fødevarer, drikkevarer og tobak"
3658,USAs mindre øbesiddelser,2020,0,"levende dyr, fødevarer, drikkevarer og tobak"
3659,USAs mindre øbesiddelser,2021,0,"levende dyr, fødevarer, drikkevarer og tobak"
3671,Uganda,2018,8189,"levende dyr, fødevarer, drikkevarer og tobak"
3672,Uganda,2019,13880,"levende dyr, fødevarer, drikkevarer og tobak"
3673,Uganda,2020,7029,"levende dyr, fødevarer, drikkevarer og tobak"
3674,Uganda,2021,19571,"levende dyr, fødevarer, drikkevarer og tobak"
3686,Ukraine,2018,542840,"levende dyr, fødevarer, drikkevarer og tobak"
3687,Ukraine,2019,486221,"levende dyr, fødevarer, drikkevarer og tobak"
3688,Ukraine,2020,139039,"levende dyr, fødevarer, drikkevarer og tobak"
3689,Ukraine,2021,162199,"levende dyr, fødevarer, drikkevarer og tobak"
3701,Ungarn,2018,388431,"levende dyr, fødevarer, drikkevarer og tobak"
3702,Ungarn,2019,458460,"levende dyr, fødevarer, drikkevarer og tobak"
3703,Ungarn,2020,441710,"levende dyr, fødevarer, drikkevarer og tobak"
3704,Ungarn,2021,493394,"levende dyr, fødevarer, drikkevarer og tobak"
3716,Uoplyst land,2018,0,"levende dyr, fødevarer, drikkevarer og tobak"
3717,Uoplyst land,2019,0,"levende dyr, fødevarer, drikkevarer og tobak"
3718,Uoplyst land,2020,0,"levende dyr, fødevarer, drikkevarer og tobak"
3719,Uoplyst land,2021,34,"levende dyr, fødevarer, drikkevarer og tobak"
3731,Uoplyst land 3. Lande,2018,1926,"levende dyr, fødevarer, drikkevarer og tobak"
3732,Uoplyst land 3. Lande,2019,1357,"levende dyr, fødevarer, drikkevarer og tobak"
3733,Uoplyst land 3. Lande,2020,115075,"levende dyr, fødevarer, drikkevarer og tobak"
3734,Uoplyst land 3. Lande,2021,189681,"levende dyr, fødevarer, drikkevarer og tobak"
3746,Uoplyst land EU-lande,2018,0,"levende dyr, fødevarer, drikkevarer og tobak"
3747,Uoplyst land EU-lande,2019,0,"levende dyr, fødevarer, drikkevarer og tobak"
3748,Uoplyst land EU-lande,2020,0,"levende dyr, fødevarer, drikkevarer og tobak"
3749,Uoplyst land EU-lande,2021,0,"levende dyr, fødevarer, drikkevarer og tobak"
3761,Uruguay,2018,203768,"levende dyr, fødevarer, drikkevarer og tobak"
3762,Uruguay,2019,80427,"levende dyr, fødevarer, drikkevarer og tobak"
3763,Uruguay,2020,55493,"levende dyr, fødevarer, drikkevarer og tobak"
3764,Uruguay,2021,79687,"levende dyr, fødevarer, drikkevarer og tobak"
3776,Usbekistan,2018,74,"levende dyr, fødevarer, drikkevarer og tobak"
3777,Usbekistan,2019,40,"levende dyr, fødevarer, drikkevarer og tobak"
3778,Usbekistan,2020,41,"levende dyr, fødevarer, drikkevarer og tobak"
3779,Usbekistan,2021,164,"levende dyr, fødevarer, drikkevarer og tobak"
3791,Vanuatu,2018,0,"levende dyr, fødevarer, drikkevarer og tobak"
3792,Vanuatu,2019,0,"levende dyr, fødevarer, drikkevarer og tobak"
3793,Vanuatu,2020,0,"levende dyr, fødevarer, drikkevarer og tobak"
3794,Vanuatu,2021,0,"levende dyr, fødevarer, drikkevarer og tobak"
3806,Vatikanstaten,2018,0,"levende dyr, fødevarer, drikkevarer og tobak"
3807,Vatikanstaten,2019,0,"levende dyr, fødevarer, drikkevarer og tobak"
3808,Vatikanstaten,2020,0,"levende dyr, fødevarer, drikkevarer og tobak"
3809,Vatikanstaten,2021,0,"levende dyr, fødevarer, drikkevarer og tobak"
3821,Venezuela,2018,1054,"levende dyr, fødevarer, drikkevarer og tobak"
3822,Venezuela,2019,6,"levende dyr, fødevarer, drikkevarer og tobak"
3823,Venezuela,2020,1076,"levende dyr, fødevarer, drikkevarer og tobak"
3824,Venezuela,2021,4690,"levende dyr, fødevarer, drikkevarer og tobak"
3836,Vestbredden og Gaza,2018,191,"levende dyr, fødevarer, drikkevarer og tobak"
3837,Vestbredden og Gaza,2019,203,"levende dyr, fødevarer, drikkevarer og tobak"
3838,Vestbredden og Gaza,2020,246,"levende dyr, fødevarer, drikkevarer og tobak"
3839,Vestbredden og Gaza,2021,686,"levende dyr, fødevarer, drikkevarer og tobak"
3851,Vestindiske Øer,2018,0,"levende dyr, fødevarer, drikkevarer og tobak"
3852,Vestindiske Øer,2019,0,"levende dyr, fødevarer, drikkevarer og tobak"
3853,Vestindiske Øer,2020,0,"levende dyr, fødevarer, drikkevarer og tobak"
3854,Vestindiske Øer,2021,0,"levende dyr, fødevarer, drikkevarer og tobak"
3866,Vestsahara,2018,0,"levende dyr, fødevarer, drikkevarer og tobak"
3867,Vestsahara,2019,0,"levende dyr, fødevarer, drikkevarer og tobak"
3868,Vestsahara,2020,0,"levende dyr, fødevarer, drikkevarer og tobak"
3869,Vestsahara,2021,0,"levende dyr, fødevarer, drikkevarer og tobak"
3881,Vietnam,2018,445976,"levende dyr, fødevarer, drikkevarer og tobak"
3882,Vietnam,2019,415308,"levende dyr, fødevarer, drikkevarer og tobak"
3883,Vietnam,2020,423612,"levende dyr, fødevarer, drikkevarer og tobak"
3884,Vietnam,2021,439070,"levende dyr, fødevarer, drikkevarer og tobak"
3896,Wallis og Futuna,2018,0,"levende dyr, fødevarer, drikkevarer og tobak"
3897,Wallis og Futuna,2019,0,"levende dyr, fødevarer, drikkevarer og tobak"
3898,Wallis og Futuna,2020,0,"levende dyr, fødevarer, drikkevarer og tobak"
3899,Wallis og Futuna,2021,0,"levende dyr, fødevarer, drikkevarer og tobak"
3911,Yemen,2018,0,"levende dyr, fødevarer, drikkevarer og tobak"
3912,Yemen,2019,0,"levende dyr, fødevarer, drikkevarer og tobak"
3913,Yemen,2020,0,"levende dyr, fødevarer, drikkevarer og tobak"
3914,Yemen,2021,34,"levende dyr, fødevarer, drikkevarer og tobak"
3926,Zambia,2018,7918,"levende dyr, fødevarer, drikkevarer og tobak"
3927,Zambia,2019,2057,"levende dyr, fødevarer, drikkevarer og tobak"
3928,Zambia,2020,6356,"levende dyr, fødevarer, drikkevarer og tobak"
3929,Zambia,2021,12228,"levende dyr, fødevarer, drikkevarer og tobak"
3941,Zimbabwe,2018,4536,"levende dyr, fødevarer, drikkevarer og tobak"
3942,Zimbabwe,2019,3092,"levende dyr, fødevarer, drikkevarer og tobak"
3943,Zimbabwe,2020,4136,"levende dyr, fødevarer, drikkevarer og tobak"
3944,Zimbabwe,2021,0,"levende dyr, fødevarer, drikkevarer og tobak"
3956,Ækvatorialguinea,2018,0,"levende dyr, fødevarer, drikkevarer og tobak"
3957,Ækvatorialguinea,2019,0,"levende dyr, fødevarer, drikkevarer og tobak"
3958,Ækvatorialguinea,2020,0,"levende dyr, fødevarer, drikkevarer og tobak"
3959,Ækvatorialguinea,2021,0,"levende dyr, fødevarer, drikkevarer og tobak"
3971,Østrig,2018,694128,"levende dyr, fødevarer, drikkevarer og tobak"
3972,Østrig,2019,658529,"levende dyr, fødevarer, drikkevarer og tobak"
3973,Østrig,2020,682449,"levende dyr, fødevarer, drikkevarer og tobak"
3974,Østrig,2021,684755,"levende dyr, fødevarer, drikkevarer og tobak"
3986,Østtimor,2018,0,"levende dyr, fødevarer, drikkevarer og tobak"
3987,Østtimor,2019,0,"levende dyr, fødevarer, drikkevarer og tobak"
3988,Østtimor,2020,0,"levende dyr, fødevarer, drikkevarer og tobak"
3989,Østtimor,2021,0,"levende dyr, fødevarer, drikkevarer og tobak"
