ID,LAND,TID,SITC,INDHOLD
11,Afghanistan,2018,Maskiner og transportmidler,196
12,Afghanistan,2019,Maskiner og transportmidler,60
13,Afghanistan,2020,Maskiner og transportmidler,18
14,Afghanistan,2021,Maskiner og transportmidler,408
26,Albanien,2018,Maskiner og transportmidler,17
27,Albanien,2019,Maskiner og transportmidler,89
28,Albanien,2020,Maskiner og transportmidler,150
29,Albanien,2021,Maskiner og transportmidler,2869
41,Algeriet,2018,Maskiner og transportmidler,0
42,Algeriet,2019,Maskiner og transportmidler,1
43,Algeriet,2020,Maskiner og transportmidler,659
44,Algeriet,2021,Maskiner og transportmidler,888
56,Amerikansk Oceanien,2018,Maskiner og transportmidler,0
57,Amerikansk Oceanien,2019,Maskiner og transportmidler,0
58,Amerikansk Oceanien,2020,Maskiner og transportmidler,0
59,Amerikansk Oceanien,2021,Maskiner og transportmidler,0
71,Amerikansk Samoa,2018,Maskiner og transportmidler,63
72,Amerikansk Samoa,2019,Maskiner og transportmidler,68
73,Amerikansk Samoa,2020,Maskiner og transportmidler,17
74,Amerikansk Samoa,2021,Maskiner og transportmidler,1
86,Amerikanske Jomfruøer,2018,Maskiner og transportmidler,12
87,Amerikanske Jomfruøer,2019,Maskiner og transportmidler,2
88,Amerikanske Jomfruøer,2020,Maskiner og transportmidler,26
89,Amerikanske Jomfruøer,2021,Maskiner og transportmidler,11
101,Andorra,2018,Maskiner og transportmidler,0
102,Andorra,2019,Maskiner og transportmidler,56
103,Andorra,2020,Maskiner og transportmidler,2
104,Andorra,2021,Maskiner og transportmidler,6
116,Angola,2018,Maskiner og transportmidler,1661
117,Angola,2019,Maskiner og transportmidler,1777
118,Angola,2020,Maskiner og transportmidler,392
119,Angola,2021,Maskiner og transportmidler,559
131,Anguilla,2018,Maskiner og transportmidler,1
132,Anguilla,2019,Maskiner og transportmidler,0
133,Anguilla,2020,Maskiner og transportmidler,0
134,Anguilla,2021,Maskiner og transportmidler,0
146,Antarktis,2018,Maskiner og transportmidler,0
147,Antarktis,2019,Maskiner og transportmidler,0
148,Antarktis,2020,Maskiner og transportmidler,0
149,Antarktis,2021,Maskiner og transportmidler,0
161,Antigua og Barbuda,2018,Maskiner og transportmidler,169
162,Antigua og Barbuda,2019,Maskiner og transportmidler,71
163,Antigua og Barbuda,2020,Maskiner og transportmidler,58
164,Antigua og Barbuda,2021,Maskiner og transportmidler,16
176,Argentina,2018,Maskiner og transportmidler,2309
177,Argentina,2019,Maskiner og transportmidler,4983
178,Argentina,2020,Maskiner og transportmidler,8741
179,Argentina,2021,Maskiner og transportmidler,12983
191,Armenien,2018,Maskiner og transportmidler,19
192,Armenien,2019,Maskiner og transportmidler,192
193,Armenien,2020,Maskiner og transportmidler,17
194,Armenien,2021,Maskiner og transportmidler,22
206,Aruba,2018,Maskiner og transportmidler,202
207,Aruba,2019,Maskiner og transportmidler,4
208,Aruba,2020,Maskiner og transportmidler,250
209,Aruba,2021,Maskiner og transportmidler,309
221,Aserbajdsjan,2018,Maskiner og transportmidler,25
222,Aserbajdsjan,2019,Maskiner og transportmidler,144
223,Aserbajdsjan,2020,Maskiner og transportmidler,34948
224,Aserbajdsjan,2021,Maskiner og transportmidler,77
236,Australien,2018,Maskiner og transportmidler,47103
237,Australien,2019,Maskiner og transportmidler,544687
238,Australien,2020,Maskiner og transportmidler,77959
239,Australien,2021,Maskiner og transportmidler,667780
251,Australsk Oceanien,2018,Maskiner og transportmidler,0
252,Australsk Oceanien,2019,Maskiner og transportmidler,0
253,Australsk Oceanien,2020,Maskiner og transportmidler,0
254,Australsk Oceanien,2021,Maskiner og transportmidler,0
266,Bahamas,2018,Maskiner og transportmidler,66
267,Bahamas,2019,Maskiner og transportmidler,414
268,Bahamas,2020,Maskiner og transportmidler,165
269,Bahamas,2021,Maskiner og transportmidler,1286
281,Bahrain,2018,Maskiner og transportmidler,291
282,Bahrain,2019,Maskiner og transportmidler,909
283,Bahrain,2020,Maskiner og transportmidler,692
284,Bahrain,2021,Maskiner og transportmidler,1677
296,Bangladesh,2018,Maskiner og transportmidler,34065
297,Bangladesh,2019,Maskiner og transportmidler,54554
298,Bangladesh,2020,Maskiner og transportmidler,45934
299,Bangladesh,2021,Maskiner og transportmidler,43425
311,Barbados,2018,Maskiner og transportmidler,103
312,Barbados,2019,Maskiner og transportmidler,0
313,Barbados,2020,Maskiner og transportmidler,5
314,Barbados,2021,Maskiner og transportmidler,3853
326,Belarus,2018,Maskiner og transportmidler,1644
327,Belarus,2019,Maskiner og transportmidler,3129
328,Belarus,2020,Maskiner og transportmidler,7475
329,Belarus,2021,Maskiner og transportmidler,14971
341,Belgien,2018,Maskiner og transportmidler,5618479
342,Belgien,2019,Maskiner og transportmidler,6545499
343,Belgien,2020,Maskiner og transportmidler,7515868
344,Belgien,2021,Maskiner og transportmidler,7001471
356,Belize,2018,Maskiner og transportmidler,0
357,Belize,2019,Maskiner og transportmidler,0
358,Belize,2020,Maskiner og transportmidler,12014
359,Belize,2021,Maskiner og transportmidler,30
371,Benin,2018,Maskiner og transportmidler,0
372,Benin,2019,Maskiner og transportmidler,8
373,Benin,2020,Maskiner og transportmidler,0
374,Benin,2021,Maskiner og transportmidler,126
386,Bermuda,2018,Maskiner og transportmidler,0
387,Bermuda,2019,Maskiner og transportmidler,0
388,Bermuda,2020,Maskiner og transportmidler,1
389,Bermuda,2021,Maskiner og transportmidler,495017
401,Bhutan,2018,Maskiner og transportmidler,7
402,Bhutan,2019,Maskiner og transportmidler,9
403,Bhutan,2020,Maskiner og transportmidler,0
404,Bhutan,2021,Maskiner og transportmidler,0
416,Bolivia,2018,Maskiner og transportmidler,4
417,Bolivia,2019,Maskiner og transportmidler,6
418,Bolivia,2020,Maskiner og transportmidler,0
419,Bolivia,2021,Maskiner og transportmidler,142
431,"Bonaire, Sint Eustatius og Saba",2018,Maskiner og transportmidler,0
432,"Bonaire, Sint Eustatius og Saba",2019,Maskiner og transportmidler,0
433,"Bonaire, Sint Eustatius og Saba",2020,Maskiner og transportmidler,0
434,"Bonaire, Sint Eustatius og Saba",2021,Maskiner og transportmidler,13
446,Bosnien-Hercegovina,2018,Maskiner og transportmidler,7421
447,Bosnien-Hercegovina,2019,Maskiner og transportmidler,7328
448,Bosnien-Hercegovina,2020,Maskiner og transportmidler,7343
449,Bosnien-Hercegovina,2021,Maskiner og transportmidler,10330
461,Botswana,2018,Maskiner og transportmidler,3
462,Botswana,2019,Maskiner og transportmidler,26
463,Botswana,2020,Maskiner og transportmidler,0
464,Botswana,2021,Maskiner og transportmidler,3
476,Bouvetøen,2018,Maskiner og transportmidler,0
477,Bouvetøen,2019,Maskiner og transportmidler,0
478,Bouvetøen,2020,Maskiner og transportmidler,0
479,Bouvetøen,2021,Maskiner og transportmidler,0
491,Brasilien,2018,Maskiner og transportmidler,562267
492,Brasilien,2019,Maskiner og transportmidler,62121
493,Brasilien,2020,Maskiner og transportmidler,36685
494,Brasilien,2021,Maskiner og transportmidler,79002
506,Britisk Oceanien,2018,Maskiner og transportmidler,0
507,Britisk Oceanien,2019,Maskiner og transportmidler,0
508,Britisk Oceanien,2020,Maskiner og transportmidler,0
509,Britisk Oceanien,2021,Maskiner og transportmidler,0
521,Britiske Jomfruøer,2018,Maskiner og transportmidler,15
522,Britiske Jomfruøer,2019,Maskiner og transportmidler,0
523,Britiske Jomfruøer,2020,Maskiner og transportmidler,0
524,Britiske Jomfruøer,2021,Maskiner og transportmidler,28
536,Britiske territorium i det Indiske Ocean,2018,Maskiner og transportmidler,0
537,Britiske territorium i det Indiske Ocean,2019,Maskiner og transportmidler,13
538,Britiske territorium i det Indiske Ocean,2020,Maskiner og transportmidler,0
539,Britiske territorium i det Indiske Ocean,2021,Maskiner og transportmidler,0
551,Brunei,2018,Maskiner og transportmidler,47
552,Brunei,2019,Maskiner og transportmidler,2
553,Brunei,2020,Maskiner og transportmidler,1
554,Brunei,2021,Maskiner og transportmidler,137
566,Bulgarien,2018,Maskiner og transportmidler,255547
567,Bulgarien,2019,Maskiner og transportmidler,372058
568,Bulgarien,2020,Maskiner og transportmidler,514298
569,Bulgarien,2021,Maskiner og transportmidler,415187
581,Burkina Faso,2018,Maskiner og transportmidler,1
582,Burkina Faso,2019,Maskiner og transportmidler,82
583,Burkina Faso,2020,Maskiner og transportmidler,71
584,Burkina Faso,2021,Maskiner og transportmidler,549
596,Burundi,2018,Maskiner og transportmidler,57
597,Burundi,2019,Maskiner og transportmidler,18
598,Burundi,2020,Maskiner og transportmidler,126
599,Burundi,2021,Maskiner og transportmidler,4
611,Cambodja,2018,Maskiner og transportmidler,52100
612,Cambodja,2019,Maskiner og transportmidler,46468
613,Cambodja,2020,Maskiner og transportmidler,42489
614,Cambodja,2021,Maskiner og transportmidler,52073
626,Cameroun,2018,Maskiner og transportmidler,683
627,Cameroun,2019,Maskiner og transportmidler,2396
628,Cameroun,2020,Maskiner og transportmidler,232
629,Cameroun,2021,Maskiner og transportmidler,1485
641,Canada,2018,Maskiner og transportmidler,331909
642,Canada,2019,Maskiner og transportmidler,317688
643,Canada,2020,Maskiner og transportmidler,646834
644,Canada,2021,Maskiner og transportmidler,299931
656,Caymanøerne,2018,Maskiner og transportmidler,0
657,Caymanøerne,2019,Maskiner og transportmidler,2
658,Caymanøerne,2020,Maskiner og transportmidler,10
659,Caymanøerne,2021,Maskiner og transportmidler,0
671,Centralafrikanske Republik,2018,Maskiner og transportmidler,26
672,Centralafrikanske Republik,2019,Maskiner og transportmidler,0
673,Centralafrikanske Republik,2020,Maskiner og transportmidler,2
674,Centralafrikanske Republik,2021,Maskiner og transportmidler,8
686,Ceuta,2018,Maskiner og transportmidler,0
687,Ceuta,2019,Maskiner og transportmidler,0
688,Ceuta,2020,Maskiner og transportmidler,42
689,Ceuta,2021,Maskiner og transportmidler,15
701,Chile,2018,Maskiner og transportmidler,9684
702,Chile,2019,Maskiner og transportmidler,5561
703,Chile,2020,Maskiner og transportmidler,1128
704,Chile,2021,Maskiner og transportmidler,8765
716,Cocosøerne,2018,Maskiner og transportmidler,0
717,Cocosøerne,2019,Maskiner og transportmidler,0
718,Cocosøerne,2020,Maskiner og transportmidler,0
719,Cocosøerne,2021,Maskiner og transportmidler,0
731,Colombia,2018,Maskiner og transportmidler,555
732,Colombia,2019,Maskiner og transportmidler,1448
733,Colombia,2020,Maskiner og transportmidler,802
734,Colombia,2021,Maskiner og transportmidler,3196
746,Comorerne,2018,Maskiner og transportmidler,0
747,Comorerne,2019,Maskiner og transportmidler,0
748,Comorerne,2020,Maskiner og transportmidler,0
749,Comorerne,2021,Maskiner og transportmidler,23
761,"Congo, Demokratiske Republik",2018,Maskiner og transportmidler,0
762,"Congo, Demokratiske Republik",2019,Maskiner og transportmidler,5
763,"Congo, Demokratiske Republik",2020,Maskiner og transportmidler,15
764,"Congo, Demokratiske Republik",2021,Maskiner og transportmidler,31
776,"Congo, Republikken",2018,Maskiner og transportmidler,221
777,"Congo, Republikken",2019,Maskiner og transportmidler,391
778,"Congo, Republikken",2020,Maskiner og transportmidler,52
779,"Congo, Republikken",2021,Maskiner og transportmidler,2023
791,Cookøerne,2018,Maskiner og transportmidler,0
792,Cookøerne,2019,Maskiner og transportmidler,0
793,Cookøerne,2020,Maskiner og transportmidler,75
794,Cookøerne,2021,Maskiner og transportmidler,0
806,Costa Rica,2018,Maskiner og transportmidler,1679
807,Costa Rica,2019,Maskiner og transportmidler,1284
808,Costa Rica,2020,Maskiner og transportmidler,1058
809,Costa Rica,2021,Maskiner og transportmidler,1466
821,Cuba,2018,Maskiner og transportmidler,2
822,Cuba,2019,Maskiner og transportmidler,30
823,Cuba,2020,Maskiner og transportmidler,180
824,Cuba,2021,Maskiner og transportmidler,407
836,Curacao,2018,Maskiner og transportmidler,0
837,Curacao,2019,Maskiner og transportmidler,11
838,Curacao,2020,Maskiner og transportmidler,4
839,Curacao,2021,Maskiner og transportmidler,1161
851,Cypern,2018,Maskiner og transportmidler,134986
852,Cypern,2019,Maskiner og transportmidler,754454
853,Cypern,2020,Maskiner og transportmidler,151113
854,Cypern,2021,Maskiner og transportmidler,14756
866,DDR,2018,Maskiner og transportmidler,0
867,DDR,2019,Maskiner og transportmidler,0
868,DDR,2020,Maskiner og transportmidler,0
869,DDR,2021,Maskiner og transportmidler,0
881,Diskretioneret,2018,Maskiner og transportmidler,0
882,Diskretioneret,2019,Maskiner og transportmidler,0
883,Diskretioneret,2020,Maskiner og transportmidler,0
884,Diskretioneret,2021,Maskiner og transportmidler,0
896,Djibouti,2018,Maskiner og transportmidler,31
897,Djibouti,2019,Maskiner og transportmidler,16
898,Djibouti,2020,Maskiner og transportmidler,27
899,Djibouti,2021,Maskiner og transportmidler,384
911,Dominica,2018,Maskiner og transportmidler,2
912,Dominica,2019,Maskiner og transportmidler,2
913,Dominica,2020,Maskiner og transportmidler,0
914,Dominica,2021,Maskiner og transportmidler,10
926,Dominikanske Republik,2018,Maskiner og transportmidler,1975
927,Dominikanske Republik,2019,Maskiner og transportmidler,488
928,Dominikanske Republik,2020,Maskiner og transportmidler,145
929,Dominikanske Republik,2021,Maskiner og transportmidler,2042
941,Ecuador,2018,Maskiner og transportmidler,681
942,Ecuador,2019,Maskiner og transportmidler,84
943,Ecuador,2020,Maskiner og transportmidler,100
944,Ecuador,2021,Maskiner og transportmidler,401
956,Egypten,2018,Maskiner og transportmidler,3870
957,Egypten,2019,Maskiner og transportmidler,3099
958,Egypten,2020,Maskiner og transportmidler,2614
959,Egypten,2021,Maskiner og transportmidler,13926
971,El Salvador,2018,Maskiner og transportmidler,476
972,El Salvador,2019,Maskiner og transportmidler,92
973,El Salvador,2020,Maskiner og transportmidler,122
974,El Salvador,2021,Maskiner og transportmidler,366
986,Elfenbenskysten,2018,Maskiner og transportmidler,652
987,Elfenbenskysten,2019,Maskiner og transportmidler,48
988,Elfenbenskysten,2020,Maskiner og transportmidler,1803
989,Elfenbenskysten,2021,Maskiner og transportmidler,1261
1001,Eritrea,2018,Maskiner og transportmidler,13
1002,Eritrea,2019,Maskiner og transportmidler,0
1003,Eritrea,2020,Maskiner og transportmidler,0
1004,Eritrea,2021,Maskiner og transportmidler,18
1016,Estland,2018,Maskiner og transportmidler,319085
1017,Estland,2019,Maskiner og transportmidler,210151
1018,Estland,2020,Maskiner og transportmidler,241242
1019,Estland,2021,Maskiner og transportmidler,338213
1031,Eswantini,2018,Maskiner og transportmidler,34
1032,Eswantini,2019,Maskiner og transportmidler,57
1033,Eswantini,2020,Maskiner og transportmidler,10
1034,Eswantini,2021,Maskiner og transportmidler,155
1046,Etiopien,2018,Maskiner og transportmidler,1458
1047,Etiopien,2019,Maskiner og transportmidler,279
1048,Etiopien,2020,Maskiner og transportmidler,566
1049,Etiopien,2021,Maskiner og transportmidler,62
1061,Falklandsøerne,2018,Maskiner og transportmidler,2731
1062,Falklandsøerne,2019,Maskiner og transportmidler,0
1063,Falklandsøerne,2020,Maskiner og transportmidler,0
1064,Falklandsøerne,2021,Maskiner og transportmidler,1161
1076,Fiji,2018,Maskiner og transportmidler,30
1077,Fiji,2019,Maskiner og transportmidler,11
1078,Fiji,2020,Maskiner og transportmidler,0
1079,Fiji,2021,Maskiner og transportmidler,0
1091,Filippinerne,2018,Maskiner og transportmidler,123324
1092,Filippinerne,2019,Maskiner og transportmidler,50324
1093,Filippinerne,2020,Maskiner og transportmidler,65866
1094,Filippinerne,2021,Maskiner og transportmidler,154469
1106,Finland,2018,Maskiner og transportmidler,2488602
1107,Finland,2019,Maskiner og transportmidler,2397261
1108,Finland,2020,Maskiner og transportmidler,2327534
1109,Finland,2021,Maskiner og transportmidler,2485071
1121,Forenede Arabiske Emirater,2018,Maskiner og transportmidler,76606
1122,Forenede Arabiske Emirater,2019,Maskiner og transportmidler,33586
1123,Forenede Arabiske Emirater,2020,Maskiner og transportmidler,37104
1124,Forenede Arabiske Emirater,2021,Maskiner og transportmidler,66849
1136,Frankrig og Monaco,2018,Maskiner og transportmidler,7171528
1137,Frankrig og Monaco,2019,Maskiner og transportmidler,7031572
1138,Frankrig og Monaco,2020,Maskiner og transportmidler,6454035
1139,Frankrig og Monaco,2021,Maskiner og transportmidler,6572278
1151,Fransk Guyana,2018,Maskiner og transportmidler,0
1152,Fransk Guyana,2019,Maskiner og transportmidler,0
1153,Fransk Guyana,2020,Maskiner og transportmidler,0
1154,Fransk Guyana,2021,Maskiner og transportmidler,0
1166,Fransk Polynesien,2018,Maskiner og transportmidler,7
1167,Fransk Polynesien,2019,Maskiner og transportmidler,86
1168,Fransk Polynesien,2020,Maskiner og transportmidler,74
1169,Fransk Polynesien,2021,Maskiner og transportmidler,17
1181,Franske besiddelser i det sydlige Indiske Ocean,2018,Maskiner og transportmidler,182
1182,Franske besiddelser i det sydlige Indiske Ocean,2019,Maskiner og transportmidler,0
1183,Franske besiddelser i det sydlige Indiske Ocean,2020,Maskiner og transportmidler,4
1184,Franske besiddelser i det sydlige Indiske Ocean,2021,Maskiner og transportmidler,26
1196,Fremmede tropper i Tyskland,2018,Maskiner og transportmidler,0
1197,Fremmede tropper i Tyskland,2019,Maskiner og transportmidler,0
1198,Fremmede tropper i Tyskland,2020,Maskiner og transportmidler,0
1199,Fremmede tropper i Tyskland,2021,Maskiner og transportmidler,0
1211,Færøerne,2018,Maskiner og transportmidler,16371
1212,Færøerne,2019,Maskiner og transportmidler,31048
1213,Færøerne,2020,Maskiner og transportmidler,13002
1214,Færøerne,2021,Maskiner og transportmidler,74823
1226,Gabon,2018,Maskiner og transportmidler,115
1227,Gabon,2019,Maskiner og transportmidler,223
1228,Gabon,2020,Maskiner og transportmidler,19
1229,Gabon,2021,Maskiner og transportmidler,1355
1241,Gambia,2018,Maskiner og transportmidler,6
1242,Gambia,2019,Maskiner og transportmidler,0
1243,Gambia,2020,Maskiner og transportmidler,0
1244,Gambia,2021,Maskiner og transportmidler,137
1256,Gaza og Jericho,2018,Maskiner og transportmidler,0
1257,Gaza og Jericho,2019,Maskiner og transportmidler,0
1258,Gaza og Jericho,2020,Maskiner og transportmidler,0
1259,Gaza og Jericho,2021,Maskiner og transportmidler,0
1271,Georgien,2018,Maskiner og transportmidler,89
1272,Georgien,2019,Maskiner og transportmidler,581
1273,Georgien,2020,Maskiner og transportmidler,177
1274,Georgien,2021,Maskiner og transportmidler,232
1286,Ghana,2018,Maskiner og transportmidler,131
1287,Ghana,2019,Maskiner og transportmidler,1985
1288,Ghana,2020,Maskiner og transportmidler,27
1289,Ghana,2021,Maskiner og transportmidler,5465
1301,Gibraltar,2018,Maskiner og transportmidler,206
1302,Gibraltar,2019,Maskiner og transportmidler,93
1303,Gibraltar,2020,Maskiner og transportmidler,146
1304,Gibraltar,2021,Maskiner og transportmidler,344
1316,Grenada,2018,Maskiner og transportmidler,61
1317,Grenada,2019,Maskiner og transportmidler,0
1318,Grenada,2020,Maskiner og transportmidler,2
1319,Grenada,2021,Maskiner og transportmidler,115
1331,Grækenland,2018,Maskiner og transportmidler,44432
1332,Grækenland,2019,Maskiner og transportmidler,108460
1333,Grækenland,2020,Maskiner og transportmidler,46991
1334,Grækenland,2021,Maskiner og transportmidler,570609
1346,Grønland,2018,Maskiner og transportmidler,3529
1347,Grønland,2019,Maskiner og transportmidler,4903
1348,Grønland,2020,Maskiner og transportmidler,8820
1349,Grønland,2021,Maskiner og transportmidler,21415
1361,Guadeloupe,2018,Maskiner og transportmidler,0
1362,Guadeloupe,2019,Maskiner og transportmidler,0
1363,Guadeloupe,2020,Maskiner og transportmidler,0
1364,Guadeloupe,2021,Maskiner og transportmidler,0
1376,Guam,2018,Maskiner og transportmidler,0
1377,Guam,2019,Maskiner og transportmidler,0
1378,Guam,2020,Maskiner og transportmidler,0
1379,Guam,2021,Maskiner og transportmidler,0
1391,Guatemala,2018,Maskiner og transportmidler,0
1392,Guatemala,2019,Maskiner og transportmidler,15
1393,Guatemala,2020,Maskiner og transportmidler,37
1394,Guatemala,2021,Maskiner og transportmidler,44
1406,Guinea,2018,Maskiner og transportmidler,143
1407,Guinea,2019,Maskiner og transportmidler,28
1408,Guinea,2020,Maskiner og transportmidler,80
1409,Guinea,2021,Maskiner og transportmidler,115
1421,Guinea-Bissau,2018,Maskiner og transportmidler,6
1422,Guinea-Bissau,2019,Maskiner og transportmidler,6
1423,Guinea-Bissau,2020,Maskiner og transportmidler,0
1424,Guinea-Bissau,2021,Maskiner og transportmidler,47
1436,Guyana,2018,Maskiner og transportmidler,0
1437,Guyana,2019,Maskiner og transportmidler,61
1438,Guyana,2020,Maskiner og transportmidler,47
1439,Guyana,2021,Maskiner og transportmidler,0
1451,Haiti,2018,Maskiner og transportmidler,107
1452,Haiti,2019,Maskiner og transportmidler,189
1453,Haiti,2020,Maskiner og transportmidler,151
1454,Haiti,2021,Maskiner og transportmidler,329
1466,Heard- og McDonaldøerne,2018,Maskiner og transportmidler,0
1467,Heard- og McDonaldøerne,2019,Maskiner og transportmidler,0
1468,Heard- og McDonaldøerne,2020,Maskiner og transportmidler,0
1469,Heard- og McDonaldøerne,2021,Maskiner og transportmidler,0
1481,Honduras,2018,Maskiner og transportmidler,8
1482,Honduras,2019,Maskiner og transportmidler,24
1483,Honduras,2020,Maskiner og transportmidler,7
1484,Honduras,2021,Maskiner og transportmidler,161
1496,Hongkong,2018,Maskiner og transportmidler,403683
1497,Hongkong,2019,Maskiner og transportmidler,402678
1498,Hongkong,2020,Maskiner og transportmidler,256514
1499,Hongkong,2021,Maskiner og transportmidler,568738
1511,Indien,2018,Maskiner og transportmidler,851400
1512,Indien,2019,Maskiner og transportmidler,825051
1513,Indien,2020,Maskiner og transportmidler,608997
1514,Indien,2021,Maskiner og transportmidler,845490
1526,Indonesien,2018,Maskiner og transportmidler,202043
1527,Indonesien,2019,Maskiner og transportmidler,114475
1528,Indonesien,2020,Maskiner og transportmidler,108033
1529,Indonesien,2021,Maskiner og transportmidler,157551
1541,Irak,2018,Maskiner og transportmidler,324
1542,Irak,2019,Maskiner og transportmidler,155
1543,Irak,2020,Maskiner og transportmidler,95
1544,Irak,2021,Maskiner og transportmidler,1897
1556,Iran,2018,Maskiner og transportmidler,1358
1557,Iran,2019,Maskiner og transportmidler,1583
1558,Iran,2020,Maskiner og transportmidler,357
1559,Iran,2021,Maskiner og transportmidler,546
1571,Irland,2018,Maskiner og transportmidler,1489816
1572,Irland,2019,Maskiner og transportmidler,1545943
1573,Irland,2020,Maskiner og transportmidler,1100834
1574,Irland,2021,Maskiner og transportmidler,1407819
1586,Island,2018,Maskiner og transportmidler,123330
1587,Island,2019,Maskiner og transportmidler,98501
1588,Island,2020,Maskiner og transportmidler,98921
1589,Island,2021,Maskiner og transportmidler,110905
1601,Israel,2018,Maskiner og transportmidler,154072
1602,Israel,2019,Maskiner og transportmidler,147961
1603,Israel,2020,Maskiner og transportmidler,145014
1604,Israel,2021,Maskiner og transportmidler,143865
1616,Italien,2018,Maskiner og transportmidler,6704383
1617,Italien,2019,Maskiner og transportmidler,6906134
1618,Italien,2020,Maskiner og transportmidler,7245505
1619,Italien,2021,Maskiner og transportmidler,8159491
1631,Jamaica,2018,Maskiner og transportmidler,448
1632,Jamaica,2019,Maskiner og transportmidler,29
1633,Jamaica,2020,Maskiner og transportmidler,272
1634,Jamaica,2021,Maskiner og transportmidler,379
1646,Japan,2018,Maskiner og transportmidler,1866896
1647,Japan,2019,Maskiner og transportmidler,1367258
1648,Japan,2020,Maskiner og transportmidler,1257316
1649,Japan,2021,Maskiner og transportmidler,1402095
1661,Jordan,2018,Maskiner og transportmidler,632
1662,Jordan,2019,Maskiner og transportmidler,563
1663,Jordan,2020,Maskiner og transportmidler,429
1664,Jordan,2021,Maskiner og transportmidler,467
1676,Jugoslavien,2018,Maskiner og transportmidler,0
1677,Jugoslavien,2019,Maskiner og transportmidler,0
1678,Jugoslavien,2020,Maskiner og transportmidler,0
1679,Jugoslavien,2021,Maskiner og transportmidler,0
1691,Juleøen,2018,Maskiner og transportmidler,0
1692,Juleøen,2019,Maskiner og transportmidler,0
1693,Juleøen,2020,Maskiner og transportmidler,0
1694,Juleøen,2021,Maskiner og transportmidler,0
1706,Kanariske Øer,2018,Maskiner og transportmidler,0
1707,Kanariske Øer,2019,Maskiner og transportmidler,0
1708,Kanariske Øer,2020,Maskiner og transportmidler,0
1709,Kanariske Øer,2021,Maskiner og transportmidler,0
1721,Kap Verde,2018,Maskiner og transportmidler,116
1722,Kap Verde,2019,Maskiner og transportmidler,12
1723,Kap Verde,2020,Maskiner og transportmidler,35
1724,Kap Verde,2021,Maskiner og transportmidler,600
1736,Kasakhstan,2018,Maskiner og transportmidler,1569
1737,Kasakhstan,2019,Maskiner og transportmidler,152
1738,Kasakhstan,2020,Maskiner og transportmidler,3947
1739,Kasakhstan,2021,Maskiner og transportmidler,650
1751,Kenya,2018,Maskiner og transportmidler,227
1752,Kenya,2019,Maskiner og transportmidler,987
1753,Kenya,2020,Maskiner og transportmidler,526
1754,Kenya,2021,Maskiner og transportmidler,3772
1766,Kina,2018,Maskiner og transportmidler,14222252
1767,Kina,2019,Maskiner og transportmidler,15777516
1768,Kina,2020,Maskiner og transportmidler,14937186
1769,Kina,2021,Maskiner og transportmidler,19509516
1781,Kirgisistan,2018,Maskiner og transportmidler,0
1782,Kirgisistan,2019,Maskiner og transportmidler,4
1783,Kirgisistan,2020,Maskiner og transportmidler,4
1784,Kirgisistan,2021,Maskiner og transportmidler,69
1796,Kosovo,2018,Maskiner og transportmidler,28
1797,Kosovo,2019,Maskiner og transportmidler,195
1798,Kosovo,2020,Maskiner og transportmidler,61
1799,Kosovo,2021,Maskiner og transportmidler,1221
1811,Kroatien,2018,Maskiner og transportmidler,104286
1812,Kroatien,2019,Maskiner og transportmidler,74692
1813,Kroatien,2020,Maskiner og transportmidler,100174
1814,Kroatien,2021,Maskiner og transportmidler,119920
1826,Kuwait,2018,Maskiner og transportmidler,785
1827,Kuwait,2019,Maskiner og transportmidler,226
1828,Kuwait,2020,Maskiner og transportmidler,23
1829,Kuwait,2021,Maskiner og transportmidler,669
1841,Laos,2018,Maskiner og transportmidler,5
1842,Laos,2019,Maskiner og transportmidler,9
1843,Laos,2020,Maskiner og transportmidler,50
1844,Laos,2021,Maskiner og transportmidler,21
1856,Lesotho,2018,Maskiner og transportmidler,0
1857,Lesotho,2019,Maskiner og transportmidler,0
1858,Lesotho,2020,Maskiner og transportmidler,0
1859,Lesotho,2021,Maskiner og transportmidler,9
1871,Letland,2018,Maskiner og transportmidler,444576
1872,Letland,2019,Maskiner og transportmidler,509697
1873,Letland,2020,Maskiner og transportmidler,586076
1874,Letland,2021,Maskiner og transportmidler,647999
1886,Libanon,2018,Maskiner og transportmidler,1894
1887,Libanon,2019,Maskiner og transportmidler,1590
1888,Libanon,2020,Maskiner og transportmidler,381
1889,Libanon,2021,Maskiner og transportmidler,919
1901,Liberia,2018,Maskiner og transportmidler,131
1902,Liberia,2019,Maskiner og transportmidler,201514
1903,Liberia,2020,Maskiner og transportmidler,5704
1904,Liberia,2021,Maskiner og transportmidler,611733
1916,Libyen,2018,Maskiner og transportmidler,125
1917,Libyen,2019,Maskiner og transportmidler,156
1918,Libyen,2020,Maskiner og transportmidler,98928
1919,Libyen,2021,Maskiner og transportmidler,35
1931,Liechtenstein,2018,Maskiner og transportmidler,8538
1932,Liechtenstein,2019,Maskiner og transportmidler,11889
1933,Liechtenstein,2020,Maskiner og transportmidler,15045
1934,Liechtenstein,2021,Maskiner og transportmidler,11626
1946,Litauen,2018,Maskiner og transportmidler,394446
1947,Litauen,2019,Maskiner og transportmidler,491614
1948,Litauen,2020,Maskiner og transportmidler,497381
1949,Litauen,2021,Maskiner og transportmidler,557164
1961,Luxembourg,2018,Maskiner og transportmidler,145831
1962,Luxembourg,2019,Maskiner og transportmidler,144591
1963,Luxembourg,2020,Maskiner og transportmidler,198087
1964,Luxembourg,2021,Maskiner og transportmidler,180810
1976,Macao,2018,Maskiner og transportmidler,43
1977,Macao,2019,Maskiner og transportmidler,390
1978,Macao,2020,Maskiner og transportmidler,99
1979,Macao,2021,Maskiner og transportmidler,35141
1991,Madagaskar,2018,Maskiner og transportmidler,395
1992,Madagaskar,2019,Maskiner og transportmidler,35
1993,Madagaskar,2020,Maskiner og transportmidler,7
1994,Madagaskar,2021,Maskiner og transportmidler,16
2006,Malawi,2018,Maskiner og transportmidler,2
2007,Malawi,2019,Maskiner og transportmidler,0
2008,Malawi,2020,Maskiner og transportmidler,0
2009,Malawi,2021,Maskiner og transportmidler,58
2021,Malaysia,2018,Maskiner og transportmidler,237975
2022,Malaysia,2019,Maskiner og transportmidler,350631
2023,Malaysia,2020,Maskiner og transportmidler,265013
2024,Malaysia,2021,Maskiner og transportmidler,456888
2036,Maldiverne,2018,Maskiner og transportmidler,32
2037,Maldiverne,2019,Maskiner og transportmidler,14
2038,Maldiverne,2020,Maskiner og transportmidler,0
2039,Maldiverne,2021,Maskiner og transportmidler,32
2051,Mali,2018,Maskiner og transportmidler,23
2052,Mali,2019,Maskiner og transportmidler,93
2053,Mali,2020,Maskiner og transportmidler,127
2054,Mali,2021,Maskiner og transportmidler,33
2066,Malta,2018,Maskiner og transportmidler,8693
2067,Malta,2019,Maskiner og transportmidler,9209
2068,Malta,2020,Maskiner og transportmidler,10356
2069,Malta,2021,Maskiner og transportmidler,8301
2081,Marokko,2018,Maskiner og transportmidler,11671
2082,Marokko,2019,Maskiner og transportmidler,19231
2083,Marokko,2020,Maskiner og transportmidler,12711
2084,Marokko,2021,Maskiner og transportmidler,24700
2096,Marshalløerne,2018,Maskiner og transportmidler,193594
2097,Marshalløerne,2019,Maskiner og transportmidler,1458671
2098,Marshalløerne,2020,Maskiner og transportmidler,960038
2099,Marshalløerne,2021,Maskiner og transportmidler,3078013
2111,Martinique,2018,Maskiner og transportmidler,0
2112,Martinique,2019,Maskiner og transportmidler,0
2113,Martinique,2020,Maskiner og transportmidler,0
2114,Martinique,2021,Maskiner og transportmidler,0
2126,Mauritanien,2018,Maskiner og transportmidler,16
2127,Mauritanien,2019,Maskiner og transportmidler,12
2128,Mauritanien,2020,Maskiner og transportmidler,5
2129,Mauritanien,2021,Maskiner og transportmidler,33
2141,Mauritius,2018,Maskiner og transportmidler,379
2142,Mauritius,2019,Maskiner og transportmidler,264
2143,Mauritius,2020,Maskiner og transportmidler,175
2144,Mauritius,2021,Maskiner og transportmidler,297
2156,Mayotte,2018,Maskiner og transportmidler,0
2157,Mayotte,2019,Maskiner og transportmidler,0
2158,Mayotte,2020,Maskiner og transportmidler,0
2159,Mayotte,2021,Maskiner og transportmidler,0
2171,Melilla,2018,Maskiner og transportmidler,0
2172,Melilla,2019,Maskiner og transportmidler,0
2173,Melilla,2020,Maskiner og transportmidler,0
2174,Melilla,2021,Maskiner og transportmidler,0
2186,Mexico,2018,Maskiner og transportmidler,432599
2187,Mexico,2019,Maskiner og transportmidler,381838
2188,Mexico,2020,Maskiner og transportmidler,377823
2189,Mexico,2021,Maskiner og transportmidler,375138
2201,Mikronesiske Stater,2018,Maskiner og transportmidler,0
2202,Mikronesiske Stater,2019,Maskiner og transportmidler,0
2203,Mikronesiske Stater,2020,Maskiner og transportmidler,0
2204,Mikronesiske Stater,2021,Maskiner og transportmidler,0
2216,Moldova,2018,Maskiner og transportmidler,9
2217,Moldova,2019,Maskiner og transportmidler,9
2218,Moldova,2020,Maskiner og transportmidler,14
2219,Moldova,2021,Maskiner og transportmidler,103
2231,Mongoliet,2018,Maskiner og transportmidler,43
2232,Mongoliet,2019,Maskiner og transportmidler,105
2233,Mongoliet,2020,Maskiner og transportmidler,1926
2234,Mongoliet,2021,Maskiner og transportmidler,1
2246,Montenegro,2018,Maskiner og transportmidler,662
2247,Montenegro,2019,Maskiner og transportmidler,146
2248,Montenegro,2020,Maskiner og transportmidler,24
2249,Montenegro,2021,Maskiner og transportmidler,440
2261,Montenegro (2005-2006),2018,Maskiner og transportmidler,0
2262,Montenegro (2005-2006),2019,Maskiner og transportmidler,0
2263,Montenegro (2005-2006),2020,Maskiner og transportmidler,0
2264,Montenegro (2005-2006),2021,Maskiner og transportmidler,0
2276,Montserrat,2018,Maskiner og transportmidler,12
2277,Montserrat,2019,Maskiner og transportmidler,0
2278,Montserrat,2020,Maskiner og transportmidler,0
2279,Montserrat,2021,Maskiner og transportmidler,0
2291,Mozambique,2018,Maskiner og transportmidler,2
2292,Mozambique,2019,Maskiner og transportmidler,9
2293,Mozambique,2020,Maskiner og transportmidler,8
2294,Mozambique,2021,Maskiner og transportmidler,30
2306,Myanmar,2018,Maskiner og transportmidler,89
2307,Myanmar,2019,Maskiner og transportmidler,18
2308,Myanmar,2020,Maskiner og transportmidler,3
2309,Myanmar,2021,Maskiner og transportmidler,4
2321,Namibia,2018,Maskiner og transportmidler,374
2322,Namibia,2019,Maskiner og transportmidler,29
2323,Namibia,2020,Maskiner og transportmidler,2628
2324,Namibia,2021,Maskiner og transportmidler,231
2336,Nauru,2018,Maskiner og transportmidler,0
2337,Nauru,2019,Maskiner og transportmidler,0
2338,Nauru,2020,Maskiner og transportmidler,0
2339,Nauru,2021,Maskiner og transportmidler,0
2351,Nederlandene,2018,Maskiner og transportmidler,12468108
2352,Nederlandene,2019,Maskiner og transportmidler,13312583
2353,Nederlandene,2020,Maskiner og transportmidler,14255871
2354,Nederlandene,2021,Maskiner og transportmidler,16942851
2366,Nederlandske Antiller,2018,Maskiner og transportmidler,0
2367,Nederlandske Antiller,2019,Maskiner og transportmidler,0
2368,Nederlandske Antiller,2020,Maskiner og transportmidler,0
2369,Nederlandske Antiller,2021,Maskiner og transportmidler,0
2381,Nepal,2018,Maskiner og transportmidler,3384
2382,Nepal,2019,Maskiner og transportmidler,396
2383,Nepal,2020,Maskiner og transportmidler,2641
2384,Nepal,2021,Maskiner og transportmidler,324
2396,New Zealand,2018,Maskiner og transportmidler,84506
2397,New Zealand,2019,Maskiner og transportmidler,92901
2398,New Zealand,2020,Maskiner og transportmidler,95114
2399,New Zealand,2021,Maskiner og transportmidler,87639
2411,New Zealandsk Oceanien,2018,Maskiner og transportmidler,0
2412,New Zealandsk Oceanien,2019,Maskiner og transportmidler,0
2413,New Zealandsk Oceanien,2020,Maskiner og transportmidler,0
2414,New Zealandsk Oceanien,2021,Maskiner og transportmidler,0
2426,Nicaragua,2018,Maskiner og transportmidler,0
2427,Nicaragua,2019,Maskiner og transportmidler,11
2428,Nicaragua,2020,Maskiner og transportmidler,65
2429,Nicaragua,2021,Maskiner og transportmidler,833
2441,Niger,2018,Maskiner og transportmidler,24
2442,Niger,2019,Maskiner og transportmidler,203
2443,Niger,2020,Maskiner og transportmidler,294
2444,Niger,2021,Maskiner og transportmidler,305
2456,Nigeria,2018,Maskiner og transportmidler,1059
2457,Nigeria,2019,Maskiner og transportmidler,622
2458,Nigeria,2020,Maskiner og transportmidler,278
2459,Nigeria,2021,Maskiner og transportmidler,1670
2471,Niue,2018,Maskiner og transportmidler,0
2472,Niue,2019,Maskiner og transportmidler,0
2473,Niue,2020,Maskiner og transportmidler,0
2474,Niue,2021,Maskiner og transportmidler,0
2486,Nordkorea,2018,Maskiner og transportmidler,0
2487,Nordkorea,2019,Maskiner og transportmidler,0
2488,Nordkorea,2020,Maskiner og transportmidler,15
2489,Nordkorea,2021,Maskiner og transportmidler,0
2501,Nordmakedonien,2018,Maskiner og transportmidler,2668
2502,Nordmakedonien,2019,Maskiner og transportmidler,2287
2503,Nordmakedonien,2020,Maskiner og transportmidler,1851
2504,Nordmakedonien,2021,Maskiner og transportmidler,4195
2516,Nordmarianerne,2018,Maskiner og transportmidler,0
2517,Nordmarianerne,2019,Maskiner og transportmidler,0
2518,Nordmarianerne,2020,Maskiner og transportmidler,6
2519,Nordmarianerne,2021,Maskiner og transportmidler,20
2531,Norfolkøen,2018,Maskiner og transportmidler,0
2532,Norfolkøen,2019,Maskiner og transportmidler,0
2533,Norfolkøen,2020,Maskiner og transportmidler,0
2534,Norfolkøen,2021,Maskiner og transportmidler,0
2546,Norge,2018,Maskiner og transportmidler,3892763
2547,Norge,2019,Maskiner og transportmidler,2374954
2548,Norge,2020,Maskiner og transportmidler,1899473
2549,Norge,2021,Maskiner og transportmidler,3235604
2561,Ny Kaledonien,2018,Maskiner og transportmidler,0
2562,Ny Kaledonien,2019,Maskiner og transportmidler,151
2563,Ny Kaledonien,2020,Maskiner og transportmidler,52
2564,Ny Kaledonien,2021,Maskiner og transportmidler,190
2576,Oman,2018,Maskiner og transportmidler,188
2577,Oman,2019,Maskiner og transportmidler,351
2578,Oman,2020,Maskiner og transportmidler,110
2579,Oman,2021,Maskiner og transportmidler,1726
2591,Pakistan,2018,Maskiner og transportmidler,1550
2592,Pakistan,2019,Maskiner og transportmidler,596
2593,Pakistan,2020,Maskiner og transportmidler,856
2594,Pakistan,2021,Maskiner og transportmidler,1977
2606,Palau,2018,Maskiner og transportmidler,0
2607,Palau,2019,Maskiner og transportmidler,0
2608,Palau,2020,Maskiner og transportmidler,0
2609,Palau,2021,Maskiner og transportmidler,0
2621,Panama,2018,Maskiner og transportmidler,784
2622,Panama,2019,Maskiner og transportmidler,499896
2623,Panama,2020,Maskiner og transportmidler,324469
2624,Panama,2021,Maskiner og transportmidler,67151
2636,Panamakanalzonen,2018,Maskiner og transportmidler,0
2637,Panamakanalzonen,2019,Maskiner og transportmidler,0
2638,Panamakanalzonen,2020,Maskiner og transportmidler,0
2639,Panamakanalzonen,2021,Maskiner og transportmidler,0
2651,Papua Ny Guinea,2018,Maskiner og transportmidler,0
2652,Papua Ny Guinea,2019,Maskiner og transportmidler,67
2653,Papua Ny Guinea,2020,Maskiner og transportmidler,18
2654,Papua Ny Guinea,2021,Maskiner og transportmidler,39
2666,Paraguay,2018,Maskiner og transportmidler,0
2667,Paraguay,2019,Maskiner og transportmidler,0
2668,Paraguay,2020,Maskiner og transportmidler,7
2669,Paraguay,2021,Maskiner og transportmidler,330
2681,Peru,2018,Maskiner og transportmidler,94
2682,Peru,2019,Maskiner og transportmidler,245
2683,Peru,2020,Maskiner og transportmidler,2084
2684,Peru,2021,Maskiner og transportmidler,3537
2696,Pitcairn,2018,Maskiner og transportmidler,0
2697,Pitcairn,2019,Maskiner og transportmidler,0
2698,Pitcairn,2020,Maskiner og transportmidler,5
2699,Pitcairn,2021,Maskiner og transportmidler,10
2711,Polarområder,2018,Maskiner og transportmidler,0
2712,Polarområder,2019,Maskiner og transportmidler,0
2713,Polarområder,2020,Maskiner og transportmidler,0
2714,Polarområder,2021,Maskiner og transportmidler,0
2726,Polen,2018,Maskiner og transportmidler,5664326
2727,Polen,2019,Maskiner og transportmidler,6031621
2728,Polen,2020,Maskiner og transportmidler,6235553
2729,Polen,2021,Maskiner og transportmidler,7640169
2741,Portugal,2018,Maskiner og transportmidler,154965
2742,Portugal,2019,Maskiner og transportmidler,161698
2743,Portugal,2020,Maskiner og transportmidler,108028
2744,Portugal,2021,Maskiner og transportmidler,122648
2756,Portugisisk Timor,2018,Maskiner og transportmidler,0
2757,Portugisisk Timor,2019,Maskiner og transportmidler,0
2758,Portugisisk Timor,2020,Maskiner og transportmidler,0
2759,Portugisisk Timor,2021,Maskiner og transportmidler,0
2771,Puerto Rico,2018,Maskiner og transportmidler,0
2772,Puerto Rico,2019,Maskiner og transportmidler,0
2773,Puerto Rico,2020,Maskiner og transportmidler,0
2774,Puerto Rico,2021,Maskiner og transportmidler,0
2786,Qatar,2018,Maskiner og transportmidler,2333
2787,Qatar,2019,Maskiner og transportmidler,1731
2788,Qatar,2020,Maskiner og transportmidler,539
2789,Qatar,2021,Maskiner og transportmidler,8170
2801,Reunion,2018,Maskiner og transportmidler,0
2802,Reunion,2019,Maskiner og transportmidler,0
2803,Reunion,2020,Maskiner og transportmidler,0
2804,Reunion,2021,Maskiner og transportmidler,0
2816,Rumænien,2018,Maskiner og transportmidler,532497
2817,Rumænien,2019,Maskiner og transportmidler,566672
2818,Rumænien,2020,Maskiner og transportmidler,600740
2819,Rumænien,2021,Maskiner og transportmidler,747294
2831,Rusland,2018,Maskiner og transportmidler,12261
2832,Rusland,2019,Maskiner og transportmidler,37081
2833,Rusland,2020,Maskiner og transportmidler,83057
2834,Rusland,2021,Maskiner og transportmidler,36237
2846,Rwanda,2018,Maskiner og transportmidler,5
2847,Rwanda,2019,Maskiner og transportmidler,0
2848,Rwanda,2020,Maskiner og transportmidler,2
2849,Rwanda,2021,Maskiner og transportmidler,12
2861,Saint-Barthelemy,2018,Maskiner og transportmidler,0
2862,Saint-Barthelemy,2019,Maskiner og transportmidler,0
2863,Saint-Barthelemy,2020,Maskiner og transportmidler,0
2864,Saint-Barthelemy,2021,Maskiner og transportmidler,0
2876,Salomonøerne,2018,Maskiner og transportmidler,40
2877,Salomonøerne,2019,Maskiner og transportmidler,26
2878,Salomonøerne,2020,Maskiner og transportmidler,12
2879,Salomonøerne,2021,Maskiner og transportmidler,0
2891,Samoa,2018,Maskiner og transportmidler,0
2892,Samoa,2019,Maskiner og transportmidler,642
2893,Samoa,2020,Maskiner og transportmidler,0
2894,Samoa,2021,Maskiner og transportmidler,0
2906,San Marino,2018,Maskiner og transportmidler,7074
2907,San Marino,2019,Maskiner og transportmidler,7119
2908,San Marino,2020,Maskiner og transportmidler,4482
2909,San Marino,2021,Maskiner og transportmidler,3050
2921,Sao Tomé og  Principe,2018,Maskiner og transportmidler,14
2922,Sao Tomé og  Principe,2019,Maskiner og transportmidler,0
2923,Sao Tomé og  Principe,2020,Maskiner og transportmidler,0
2924,Sao Tomé og  Principe,2021,Maskiner og transportmidler,3
2936,Saudi-Arabien,2018,Maskiner og transportmidler,2966
2937,Saudi-Arabien,2019,Maskiner og transportmidler,2216
2938,Saudi-Arabien,2020,Maskiner og transportmidler,948
2939,Saudi-Arabien,2021,Maskiner og transportmidler,6176
2951,Schweiz,2018,Maskiner og transportmidler,980234
2952,Schweiz,2019,Maskiner og transportmidler,1149747
2953,Schweiz,2020,Maskiner og transportmidler,930740
2954,Schweiz,2021,Maskiner og transportmidler,1228220
2966,Senegal,2018,Maskiner og transportmidler,7
2967,Senegal,2019,Maskiner og transportmidler,153
2968,Senegal,2020,Maskiner og transportmidler,179
2969,Senegal,2021,Maskiner og transportmidler,595
2981,Serbien,2018,Maskiner og transportmidler,132930
2982,Serbien,2019,Maskiner og transportmidler,121697
2983,Serbien,2020,Maskiner og transportmidler,154763
2984,Serbien,2021,Maskiner og transportmidler,147072
2996,Seychellerne,2018,Maskiner og transportmidler,62
2997,Seychellerne,2019,Maskiner og transportmidler,79
2998,Seychellerne,2020,Maskiner og transportmidler,127
2999,Seychellerne,2021,Maskiner og transportmidler,254
3011,Sierra Leone,2018,Maskiner og transportmidler,42
3012,Sierra Leone,2019,Maskiner og transportmidler,19
3013,Sierra Leone,2020,Maskiner og transportmidler,22
3014,Sierra Leone,2021,Maskiner og transportmidler,137
3026,Singapore,2018,Maskiner og transportmidler,2380351
3027,Singapore,2019,Maskiner og transportmidler,976604
3028,Singapore,2020,Maskiner og transportmidler,1031858
3029,Singapore,2021,Maskiner og transportmidler,723939
3041,Skt. Helena,2018,Maskiner og transportmidler,1
3042,Skt. Helena,2019,Maskiner og transportmidler,4
3043,Skt. Helena,2020,Maskiner og transportmidler,2
3044,Skt. Helena,2021,Maskiner og transportmidler,2
3056,Skt. Kitts og Nevis,2018,Maskiner og transportmidler,321
3057,Skt. Kitts og Nevis,2019,Maskiner og transportmidler,392
3058,Skt. Kitts og Nevis,2020,Maskiner og transportmidler,276
3059,Skt. Kitts og Nevis,2021,Maskiner og transportmidler,455
3071,Skt. Lucia,2018,Maskiner og transportmidler,253
3072,Skt. Lucia,2019,Maskiner og transportmidler,56
3073,Skt. Lucia,2020,Maskiner og transportmidler,13
3074,Skt. Lucia,2021,Maskiner og transportmidler,160
3086,Skt. Martin (NL),2018,Maskiner og transportmidler,88
3087,Skt. Martin (NL),2019,Maskiner og transportmidler,0
3088,Skt. Martin (NL),2020,Maskiner og transportmidler,0
3089,Skt. Martin (NL),2021,Maskiner og transportmidler,38
3101,Skt. Pierre og Miquelon,2018,Maskiner og transportmidler,0
3102,Skt. Pierre og Miquelon,2019,Maskiner og transportmidler,0
3103,Skt. Pierre og Miquelon,2020,Maskiner og transportmidler,0
3104,Skt. Pierre og Miquelon,2021,Maskiner og transportmidler,0
3116,Skt. Vincent og Grenadinerne,2018,Maskiner og transportmidler,0
3117,Skt. Vincent og Grenadinerne,2019,Maskiner og transportmidler,0
3118,Skt. Vincent og Grenadinerne,2020,Maskiner og transportmidler,3
3119,Skt. Vincent og Grenadinerne,2021,Maskiner og transportmidler,1
3131,Slovakiet,2018,Maskiner og transportmidler,1215515
3132,Slovakiet,2019,Maskiner og transportmidler,1437794
3133,Slovakiet,2020,Maskiner og transportmidler,1390803
3134,Slovakiet,2021,Maskiner og transportmidler,1418208
3146,Slovenien,2018,Maskiner og transportmidler,799686
3147,Slovenien,2019,Maskiner og transportmidler,932648
3148,Slovenien,2020,Maskiner og transportmidler,1492742
3149,Slovenien,2021,Maskiner og transportmidler,1401332
3161,Somalia,2018,Maskiner og transportmidler,0
3162,Somalia,2019,Maskiner og transportmidler,0
3163,Somalia,2020,Maskiner og transportmidler,0
3164,Somalia,2021,Maskiner og transportmidler,0
3176,South Georgia og De Sydlige Sandwichøer,2018,Maskiner og transportmidler,4
3177,South Georgia og De Sydlige Sandwichøer,2019,Maskiner og transportmidler,0
3178,South Georgia og De Sydlige Sandwichøer,2020,Maskiner og transportmidler,0
3179,South Georgia og De Sydlige Sandwichøer,2021,Maskiner og transportmidler,0
3191,Sovjetunionen,2018,Maskiner og transportmidler,0
3192,Sovjetunionen,2019,Maskiner og transportmidler,0
3193,Sovjetunionen,2020,Maskiner og transportmidler,0
3194,Sovjetunionen,2021,Maskiner og transportmidler,0
3206,Spanien,2018,Maskiner og transportmidler,3599844
3207,Spanien,2019,Maskiner og transportmidler,3848451
3208,Spanien,2020,Maskiner og transportmidler,2969206
3209,Spanien,2021,Maskiner og transportmidler,3427995
3221,Sri Lanka,2018,Maskiner og transportmidler,43331
3222,Sri Lanka,2019,Maskiner og transportmidler,54043
3223,Sri Lanka,2020,Maskiner og transportmidler,53216
3224,Sri Lanka,2021,Maskiner og transportmidler,49130
3236,Storbritannien,2018,Maskiner og transportmidler,6914901
3237,Storbritannien,2019,Maskiner og transportmidler,8261971
3238,Storbritannien,2020,Maskiner og transportmidler,7942716
3239,Storbritannien,2021,Maskiner og transportmidler,4878245
3251,Sudan,2018,Maskiner og transportmidler,2
3252,Sudan,2019,Maskiner og transportmidler,3
3253,Sudan,2020,Maskiner og transportmidler,0
3254,Sudan,2021,Maskiner og transportmidler,30
3266,Suriname,2018,Maskiner og transportmidler,0
3267,Suriname,2019,Maskiner og transportmidler,0
3268,Suriname,2020,Maskiner og transportmidler,35
3269,Suriname,2021,Maskiner og transportmidler,3393
3281,Svalbard,2018,Maskiner og transportmidler,0
3282,Svalbard,2019,Maskiner og transportmidler,0
3283,Svalbard,2020,Maskiner og transportmidler,0
3284,Svalbard,2021,Maskiner og transportmidler,0
3296,Sverige,2018,Maskiner og transportmidler,23480192
3297,Sverige,2019,Maskiner og transportmidler,24187054
3298,Sverige,2020,Maskiner og transportmidler,24721418
3299,Sverige,2021,Maskiner og transportmidler,29573401
3311,Sydafrika,2018,Maskiner og transportmidler,32824
3312,Sydafrika,2019,Maskiner og transportmidler,19991
3313,Sydafrika,2020,Maskiner og transportmidler,12362
3314,Sydafrika,2021,Maskiner og transportmidler,46370
3326,Sydkorea,2018,Maskiner og transportmidler,5791462
3327,Sydkorea,2019,Maskiner og transportmidler,2415873
3328,Sydkorea,2020,Maskiner og transportmidler,1828975
3329,Sydkorea,2021,Maskiner og transportmidler,3069442
3341,Sydsudan,2018,Maskiner og transportmidler,0
3342,Sydsudan,2019,Maskiner og transportmidler,18
3343,Sydsudan,2020,Maskiner og transportmidler,0
3344,Sydsudan,2021,Maskiner og transportmidler,14
3356,Sydyemen,2018,Maskiner og transportmidler,0
3357,Sydyemen,2019,Maskiner og transportmidler,0
3358,Sydyemen,2020,Maskiner og transportmidler,0
3359,Sydyemen,2021,Maskiner og transportmidler,0
3371,Syrien,2018,Maskiner og transportmidler,66
3372,Syrien,2019,Maskiner og transportmidler,1
3373,Syrien,2020,Maskiner og transportmidler,2
3374,Syrien,2021,Maskiner og transportmidler,141
3386,Tadsjikistan,2018,Maskiner og transportmidler,0
3387,Tadsjikistan,2019,Maskiner og transportmidler,10
3388,Tadsjikistan,2020,Maskiner og transportmidler,11
3389,Tadsjikistan,2021,Maskiner og transportmidler,997
3401,Taiwan,2018,Maskiner og transportmidler,1440865
3402,Taiwan,2019,Maskiner og transportmidler,1266992
3403,Taiwan,2020,Maskiner og transportmidler,1306037
3404,Taiwan,2021,Maskiner og transportmidler,1740539
3416,Tanzania,2018,Maskiner og transportmidler,31
3417,Tanzania,2019,Maskiner og transportmidler,52
3418,Tanzania,2020,Maskiner og transportmidler,44
3419,Tanzania,2021,Maskiner og transportmidler,14
3431,Tchad,2018,Maskiner og transportmidler,6
3432,Tchad,2019,Maskiner og transportmidler,61
3433,Tchad,2020,Maskiner og transportmidler,132
3434,Tchad,2021,Maskiner og transportmidler,7
3446,Thailand,2018,Maskiner og transportmidler,748595
3447,Thailand,2019,Maskiner og transportmidler,811751
3448,Thailand,2020,Maskiner og transportmidler,720890
3449,Thailand,2021,Maskiner og transportmidler,994545
3461,Tjekkiet,2018,Maskiner og transportmidler,4307344
3462,Tjekkiet,2019,Maskiner og transportmidler,5110927
3463,Tjekkiet,2020,Maskiner og transportmidler,4752699
3464,Tjekkiet,2021,Maskiner og transportmidler,5183566
3476,Tjekkoslovakiet,2018,Maskiner og transportmidler,0
3477,Tjekkoslovakiet,2019,Maskiner og transportmidler,0
3478,Tjekkoslovakiet,2020,Maskiner og transportmidler,0
3479,Tjekkoslovakiet,2021,Maskiner og transportmidler,0
3491,Togo,2018,Maskiner og transportmidler,24
3492,Togo,2019,Maskiner og transportmidler,10
3493,Togo,2020,Maskiner og transportmidler,236
3494,Togo,2021,Maskiner og transportmidler,122
3506,Tokelau,2018,Maskiner og transportmidler,0
3507,Tokelau,2019,Maskiner og transportmidler,0
3508,Tokelau,2020,Maskiner og transportmidler,6
3509,Tokelau,2021,Maskiner og transportmidler,1
3521,Tonga,2018,Maskiner og transportmidler,0
3522,Tonga,2019,Maskiner og transportmidler,0
3523,Tonga,2020,Maskiner og transportmidler,0
3524,Tonga,2021,Maskiner og transportmidler,0
3536,Trinidad og Tobago,2018,Maskiner og transportmidler,62
3537,Trinidad og Tobago,2019,Maskiner og transportmidler,574
3538,Trinidad og Tobago,2020,Maskiner og transportmidler,603
3539,Trinidad og Tobago,2021,Maskiner og transportmidler,2265
3551,Tunesien,2018,Maskiner og transportmidler,3998
3552,Tunesien,2019,Maskiner og transportmidler,7221
3553,Tunesien,2020,Maskiner og transportmidler,1772
3554,Tunesien,2021,Maskiner og transportmidler,5107
3566,Turkmenistan,2018,Maskiner og transportmidler,6
3567,Turkmenistan,2019,Maskiner og transportmidler,0
3568,Turkmenistan,2020,Maskiner og transportmidler,0
3569,Turkmenistan,2021,Maskiner og transportmidler,0
3581,Turks- og Caicosøerne,2018,Maskiner og transportmidler,0
3582,Turks- og Caicosøerne,2019,Maskiner og transportmidler,3
3583,Turks- og Caicosøerne,2020,Maskiner og transportmidler,0
3584,Turks- og Caicosøerne,2021,Maskiner og transportmidler,0
3596,Tuvalu,2018,Maskiner og transportmidler,48
3597,Tuvalu,2019,Maskiner og transportmidler,0
3598,Tuvalu,2020,Maskiner og transportmidler,0
3599,Tuvalu,2021,Maskiner og transportmidler,0
3611,Tyrkiet,2018,Maskiner og transportmidler,2394680
3612,Tyrkiet,2019,Maskiner og transportmidler,1937680
3613,Tyrkiet,2020,Maskiner og transportmidler,2046051
3614,Tyrkiet,2021,Maskiner og transportmidler,2854867
3626,Tyskland,2018,Maskiner og transportmidler,64114806
3627,Tyskland,2019,Maskiner og transportmidler,59199233
3628,Tyskland,2020,Maskiner og transportmidler,57970997
3629,Tyskland,2021,Maskiner og transportmidler,61379285
3641,USA,2018,Maskiner og transportmidler,5021212
3642,USA,2019,Maskiner og transportmidler,4782757
3643,USA,2020,Maskiner og transportmidler,4064731
3644,USA,2021,Maskiner og transportmidler,6909385
3656,USAs mindre øbesiddelser,2018,Maskiner og transportmidler,38
3657,USAs mindre øbesiddelser,2019,Maskiner og transportmidler,0
3658,USAs mindre øbesiddelser,2020,Maskiner og transportmidler,2
3659,USAs mindre øbesiddelser,2021,Maskiner og transportmidler,128
3671,Uganda,2018,Maskiner og transportmidler,156
3672,Uganda,2019,Maskiner og transportmidler,86
3673,Uganda,2020,Maskiner og transportmidler,1
3674,Uganda,2021,Maskiner og transportmidler,5341
3686,Ukraine,2018,Maskiner og transportmidler,159101
3687,Ukraine,2019,Maskiner og transportmidler,153414
3688,Ukraine,2020,Maskiner og transportmidler,181243
3689,Ukraine,2021,Maskiner og transportmidler,276957
3701,Ungarn,2018,Maskiner og transportmidler,2229871
3702,Ungarn,2019,Maskiner og transportmidler,2363001
3703,Ungarn,2020,Maskiner og transportmidler,1538567
3704,Ungarn,2021,Maskiner og transportmidler,1361638
3716,Uoplyst land,2018,Maskiner og transportmidler,0
3717,Uoplyst land,2019,Maskiner og transportmidler,0
3718,Uoplyst land,2020,Maskiner og transportmidler,0
3719,Uoplyst land,2021,Maskiner og transportmidler,1
3731,Uoplyst land 3. Lande,2018,Maskiner og transportmidler,70401
3732,Uoplyst land 3. Lande,2019,Maskiner og transportmidler,67282
3733,Uoplyst land 3. Lande,2020,Maskiner og transportmidler,72447
3734,Uoplyst land 3. Lande,2021,Maskiner og transportmidler,904994
3746,Uoplyst land EU-lande,2018,Maskiner og transportmidler,0
3747,Uoplyst land EU-lande,2019,Maskiner og transportmidler,0
3748,Uoplyst land EU-lande,2020,Maskiner og transportmidler,0
3749,Uoplyst land EU-lande,2021,Maskiner og transportmidler,0
3761,Uruguay,2018,Maskiner og transportmidler,1546
3762,Uruguay,2019,Maskiner og transportmidler,468
3763,Uruguay,2020,Maskiner og transportmidler,5931
3764,Uruguay,2021,Maskiner og transportmidler,2123
3776,Usbekistan,2018,Maskiner og transportmidler,0
3777,Usbekistan,2019,Maskiner og transportmidler,31
3778,Usbekistan,2020,Maskiner og transportmidler,40
3779,Usbekistan,2021,Maskiner og transportmidler,0
3791,Vanuatu,2018,Maskiner og transportmidler,47
3792,Vanuatu,2019,Maskiner og transportmidler,0
3793,Vanuatu,2020,Maskiner og transportmidler,541
3794,Vanuatu,2021,Maskiner og transportmidler,0
3806,Vatikanstaten,2018,Maskiner og transportmidler,0
3807,Vatikanstaten,2019,Maskiner og transportmidler,0
3808,Vatikanstaten,2020,Maskiner og transportmidler,0
3809,Vatikanstaten,2021,Maskiner og transportmidler,0
3821,Venezuela,2018,Maskiner og transportmidler,23
3822,Venezuela,2019,Maskiner og transportmidler,37
3823,Venezuela,2020,Maskiner og transportmidler,0
3824,Venezuela,2021,Maskiner og transportmidler,2022
3836,Vestbredden og Gaza,2018,Maskiner og transportmidler,0
3837,Vestbredden og Gaza,2019,Maskiner og transportmidler,0
3838,Vestbredden og Gaza,2020,Maskiner og transportmidler,0
3839,Vestbredden og Gaza,2021,Maskiner og transportmidler,0
3851,Vestindiske Øer,2018,Maskiner og transportmidler,0
3852,Vestindiske Øer,2019,Maskiner og transportmidler,0
3853,Vestindiske Øer,2020,Maskiner og transportmidler,0
3854,Vestindiske Øer,2021,Maskiner og transportmidler,0
3866,Vestsahara,2018,Maskiner og transportmidler,0
3867,Vestsahara,2019,Maskiner og transportmidler,0
3868,Vestsahara,2020,Maskiner og transportmidler,0
3869,Vestsahara,2021,Maskiner og transportmidler,0
3881,Vietnam,2018,Maskiner og transportmidler,315862
3882,Vietnam,2019,Maskiner og transportmidler,301050
3883,Vietnam,2020,Maskiner og transportmidler,289181
3884,Vietnam,2021,Maskiner og transportmidler,387831
3896,Wallis og Futuna,2018,Maskiner og transportmidler,0
3897,Wallis og Futuna,2019,Maskiner og transportmidler,0
3898,Wallis og Futuna,2020,Maskiner og transportmidler,0
3899,Wallis og Futuna,2021,Maskiner og transportmidler,0
3911,Yemen,2018,Maskiner og transportmidler,0
3912,Yemen,2019,Maskiner og transportmidler,0
3913,Yemen,2020,Maskiner og transportmidler,0
3914,Yemen,2021,Maskiner og transportmidler,0
3926,Zambia,2018,Maskiner og transportmidler,404
3927,Zambia,2019,Maskiner og transportmidler,418
3928,Zambia,2020,Maskiner og transportmidler,141
3929,Zambia,2021,Maskiner og transportmidler,513
3941,Zimbabwe,2018,Maskiner og transportmidler,0
3942,Zimbabwe,2019,Maskiner og transportmidler,8
3943,Zimbabwe,2020,Maskiner og transportmidler,5
3944,Zimbabwe,2021,Maskiner og transportmidler,84
3956,Ækvatorialguinea,2018,Maskiner og transportmidler,0
3957,Ækvatorialguinea,2019,Maskiner og transportmidler,0
3958,Ækvatorialguinea,2020,Maskiner og transportmidler,0
3959,Ækvatorialguinea,2021,Maskiner og transportmidler,0
3971,Østrig,2018,Maskiner og transportmidler,1828910
3972,Østrig,2019,Maskiner og transportmidler,1724206
3973,Østrig,2020,Maskiner og transportmidler,1687336
3974,Østrig,2021,Maskiner og transportmidler,2091803
3986,Østtimor,2018,Maskiner og transportmidler,0
3987,Østtimor,2019,Maskiner og transportmidler,3
3988,Østtimor,2020,Maskiner og transportmidler,0
3989,Østtimor,2021,Maskiner og transportmidler,15
