ID,LAND,TID,INDHOLD,SITC
11,Afghanistan,2018,37218,Maskiner og transportmidler
12,Afghanistan,2019,33901,Maskiner og transportmidler
13,Afghanistan,2020,33459,Maskiner og transportmidler
14,Afghanistan,2021,20493,Maskiner og transportmidler
26,Albanien,2018,9851,Maskiner og transportmidler
27,Albanien,2019,7312,Maskiner og transportmidler
28,Albanien,2020,21971,Maskiner og transportmidler
29,Albanien,2021,22619,Maskiner og transportmidler
41,Algeriet,2018,196177,Maskiner og transportmidler
42,Algeriet,2019,98610,Maskiner og transportmidler
43,Algeriet,2020,92376,Maskiner og transportmidler
44,Algeriet,2021,68409,Maskiner og transportmidler
56,Amerikansk Oceanien,2018,0,Maskiner og transportmidler
57,Amerikansk Oceanien,2019,0,Maskiner og transportmidler
58,Amerikansk Oceanien,2020,0,Maskiner og transportmidler
59,Amerikansk Oceanien,2021,0,Maskiner og transportmidler
71,Amerikansk Samoa,2018,28,Maskiner og transportmidler
72,Amerikansk Samoa,2019,1464,Maskiner og transportmidler
73,Amerikansk Samoa,2020,0,Maskiner og transportmidler
74,Amerikansk Samoa,2021,0,Maskiner og transportmidler
86,Amerikanske Jomfruøer,2018,208,Maskiner og transportmidler
87,Amerikanske Jomfruøer,2019,134,Maskiner og transportmidler
88,Amerikanske Jomfruøer,2020,346,Maskiner og transportmidler
89,Amerikanske Jomfruøer,2021,607,Maskiner og transportmidler
101,Andorra,2018,903,Maskiner og transportmidler
102,Andorra,2019,186,Maskiner og transportmidler
103,Andorra,2020,219,Maskiner og transportmidler
104,Andorra,2021,81,Maskiner og transportmidler
116,Angola,2018,31759,Maskiner og transportmidler
117,Angola,2019,57991,Maskiner og transportmidler
118,Angola,2020,54037,Maskiner og transportmidler
119,Angola,2021,42940,Maskiner og transportmidler
131,Anguilla,2018,207,Maskiner og transportmidler
132,Anguilla,2019,0,Maskiner og transportmidler
133,Anguilla,2020,0,Maskiner og transportmidler
134,Anguilla,2021,166,Maskiner og transportmidler
146,Antarktis,2018,0,Maskiner og transportmidler
147,Antarktis,2019,0,Maskiner og transportmidler
148,Antarktis,2020,0,Maskiner og transportmidler
149,Antarktis,2021,0,Maskiner og transportmidler
161,Antigua og Barbuda,2018,1707,Maskiner og transportmidler
162,Antigua og Barbuda,2019,1687,Maskiner og transportmidler
163,Antigua og Barbuda,2020,776,Maskiner og transportmidler
164,Antigua og Barbuda,2021,712,Maskiner og transportmidler
176,Argentina,2018,743019,Maskiner og transportmidler
177,Argentina,2019,487777,Maskiner og transportmidler
178,Argentina,2020,211492,Maskiner og transportmidler
179,Argentina,2021,261635,Maskiner og transportmidler
191,Armenien,2018,14065,Maskiner og transportmidler
192,Armenien,2019,30438,Maskiner og transportmidler
193,Armenien,2020,9050,Maskiner og transportmidler
194,Armenien,2021,52287,Maskiner og transportmidler
206,Aruba,2018,2494,Maskiner og transportmidler
207,Aruba,2019,1369,Maskiner og transportmidler
208,Aruba,2020,1652,Maskiner og transportmidler
209,Aruba,2021,1095,Maskiner og transportmidler
221,Aserbajdsjan,2018,31769,Maskiner og transportmidler
222,Aserbajdsjan,2019,42060,Maskiner og transportmidler
223,Aserbajdsjan,2020,30707,Maskiner og transportmidler
224,Aserbajdsjan,2021,14323,Maskiner og transportmidler
236,Australien,2018,2205273,Maskiner og transportmidler
237,Australien,2019,1876046,Maskiner og transportmidler
238,Australien,2020,1746973,Maskiner og transportmidler
239,Australien,2021,1921734,Maskiner og transportmidler
251,Australsk Oceanien,2018,0,Maskiner og transportmidler
252,Australsk Oceanien,2019,0,Maskiner og transportmidler
253,Australsk Oceanien,2020,0,Maskiner og transportmidler
254,Australsk Oceanien,2021,0,Maskiner og transportmidler
266,Bahamas,2018,56689,Maskiner og transportmidler
267,Bahamas,2019,23029,Maskiner og transportmidler
268,Bahamas,2020,21616,Maskiner og transportmidler
269,Bahamas,2021,13676,Maskiner og transportmidler
281,Bahrain,2018,39352,Maskiner og transportmidler
282,Bahrain,2019,57589,Maskiner og transportmidler
283,Bahrain,2020,63947,Maskiner og transportmidler
284,Bahrain,2021,64345,Maskiner og transportmidler
296,Bangladesh,2018,215968,Maskiner og transportmidler
297,Bangladesh,2019,137172,Maskiner og transportmidler
298,Bangladesh,2020,50355,Maskiner og transportmidler
299,Bangladesh,2021,117863,Maskiner og transportmidler
311,Barbados,2018,17879,Maskiner og transportmidler
312,Barbados,2019,15375,Maskiner og transportmidler
313,Barbados,2020,20603,Maskiner og transportmidler
314,Barbados,2021,30996,Maskiner og transportmidler
326,Belarus,2018,150043,Maskiner og transportmidler
327,Belarus,2019,115425,Maskiner og transportmidler
328,Belarus,2020,76316,Maskiner og transportmidler
329,Belarus,2021,88382,Maskiner og transportmidler
341,Belgien,2018,2930191,Maskiner og transportmidler
342,Belgien,2019,2764676,Maskiner og transportmidler
343,Belgien,2020,2660182,Maskiner og transportmidler
344,Belgien,2021,3127634,Maskiner og transportmidler
356,Belize,2018,160,Maskiner og transportmidler
357,Belize,2019,297,Maskiner og transportmidler
358,Belize,2020,2153,Maskiner og transportmidler
359,Belize,2021,1676,Maskiner og transportmidler
371,Benin,2018,71310,Maskiner og transportmidler
372,Benin,2019,17806,Maskiner og transportmidler
373,Benin,2020,17384,Maskiner og transportmidler
374,Benin,2021,10703,Maskiner og transportmidler
386,Bermuda,2018,10000,Maskiner og transportmidler
387,Bermuda,2019,41496,Maskiner og transportmidler
388,Bermuda,2020,11191,Maskiner og transportmidler
389,Bermuda,2021,8132,Maskiner og transportmidler
401,Bhutan,2018,1211,Maskiner og transportmidler
402,Bhutan,2019,3178,Maskiner og transportmidler
403,Bhutan,2020,1078,Maskiner og transportmidler
404,Bhutan,2021,2067,Maskiner og transportmidler
416,Bolivia,2018,56793,Maskiner og transportmidler
417,Bolivia,2019,23643,Maskiner og transportmidler
418,Bolivia,2020,37493,Maskiner og transportmidler
419,Bolivia,2021,21007,Maskiner og transportmidler
431,"Bonaire, Sint Eustatius og Saba",2018,723,Maskiner og transportmidler
432,"Bonaire, Sint Eustatius og Saba",2019,345,Maskiner og transportmidler
433,"Bonaire, Sint Eustatius og Saba",2020,3466,Maskiner og transportmidler
434,"Bonaire, Sint Eustatius og Saba",2021,2756,Maskiner og transportmidler
446,Bosnien-Hercegovina,2018,43338,Maskiner og transportmidler
447,Bosnien-Hercegovina,2019,42933,Maskiner og transportmidler
448,Bosnien-Hercegovina,2020,34361,Maskiner og transportmidler
449,Bosnien-Hercegovina,2021,30586,Maskiner og transportmidler
461,Botswana,2018,3262,Maskiner og transportmidler
462,Botswana,2019,3060,Maskiner og transportmidler
463,Botswana,2020,2501,Maskiner og transportmidler
464,Botswana,2021,1403,Maskiner og transportmidler
476,Bouvetøen,2018,0,Maskiner og transportmidler
477,Bouvetøen,2019,0,Maskiner og transportmidler
478,Bouvetøen,2020,0,Maskiner og transportmidler
479,Bouvetøen,2021,0,Maskiner og transportmidler
491,Brasilien,2018,790869,Maskiner og transportmidler
492,Brasilien,2019,1107724,Maskiner og transportmidler
493,Brasilien,2020,1639486,Maskiner og transportmidler
494,Brasilien,2021,1278412,Maskiner og transportmidler
506,Britisk Oceanien,2018,98,Maskiner og transportmidler
507,Britisk Oceanien,2019,12,Maskiner og transportmidler
508,Britisk Oceanien,2020,136,Maskiner og transportmidler
509,Britisk Oceanien,2021,136,Maskiner og transportmidler
521,Britiske Jomfruøer,2018,69576,Maskiner og transportmidler
522,Britiske Jomfruøer,2019,3172,Maskiner og transportmidler
523,Britiske Jomfruøer,2020,1533,Maskiner og transportmidler
524,Britiske Jomfruøer,2021,1185,Maskiner og transportmidler
536,Britiske territorium i det Indiske Ocean,2018,297,Maskiner og transportmidler
537,Britiske territorium i det Indiske Ocean,2019,971,Maskiner og transportmidler
538,Britiske territorium i det Indiske Ocean,2020,39,Maskiner og transportmidler
539,Britiske territorium i det Indiske Ocean,2021,350,Maskiner og transportmidler
551,Brunei,2018,3593,Maskiner og transportmidler
552,Brunei,2019,5087,Maskiner og transportmidler
553,Brunei,2020,6333,Maskiner og transportmidler
554,Brunei,2021,4778,Maskiner og transportmidler
566,Bulgarien,2018,228478,Maskiner og transportmidler
567,Bulgarien,2019,226443,Maskiner og transportmidler
568,Bulgarien,2020,241455,Maskiner og transportmidler
569,Bulgarien,2021,309646,Maskiner og transportmidler
581,Burkina Faso,2018,23183,Maskiner og transportmidler
582,Burkina Faso,2019,20584,Maskiner og transportmidler
583,Burkina Faso,2020,25320,Maskiner og transportmidler
584,Burkina Faso,2021,27862,Maskiner og transportmidler
596,Burundi,2018,17727,Maskiner og transportmidler
597,Burundi,2019,6939,Maskiner og transportmidler
598,Burundi,2020,6262,Maskiner og transportmidler
599,Burundi,2021,9527,Maskiner og transportmidler
611,Cambodja,2018,4826,Maskiner og transportmidler
612,Cambodja,2019,7373,Maskiner og transportmidler
613,Cambodja,2020,10686,Maskiner og transportmidler
614,Cambodja,2021,3732,Maskiner og transportmidler
626,Cameroun,2018,18246,Maskiner og transportmidler
627,Cameroun,2019,21157,Maskiner og transportmidler
628,Cameroun,2020,36719,Maskiner og transportmidler
629,Cameroun,2021,31981,Maskiner og transportmidler
641,Canada,2018,1842486,Maskiner og transportmidler
642,Canada,2019,1184426,Maskiner og transportmidler
643,Canada,2020,1402590,Maskiner og transportmidler
644,Canada,2021,886781,Maskiner og transportmidler
656,Caymanøerne,2018,1469,Maskiner og transportmidler
657,Caymanøerne,2019,2590,Maskiner og transportmidler
658,Caymanøerne,2020,2732,Maskiner og transportmidler
659,Caymanøerne,2021,2518,Maskiner og transportmidler
671,Centralafrikanske Republik,2018,12052,Maskiner og transportmidler
672,Centralafrikanske Republik,2019,23110,Maskiner og transportmidler
673,Centralafrikanske Republik,2020,9956,Maskiner og transportmidler
674,Centralafrikanske Republik,2021,25794,Maskiner og transportmidler
686,Ceuta,2018,1535,Maskiner og transportmidler
687,Ceuta,2019,1269,Maskiner og transportmidler
688,Ceuta,2020,1319,Maskiner og transportmidler
689,Ceuta,2021,1477,Maskiner og transportmidler
701,Chile,2018,495481,Maskiner og transportmidler
702,Chile,2019,545589,Maskiner og transportmidler
703,Chile,2020,457547,Maskiner og transportmidler
704,Chile,2021,526254,Maskiner og transportmidler
716,Cocosøerne,2018,0,Maskiner og transportmidler
717,Cocosøerne,2019,0,Maskiner og transportmidler
718,Cocosøerne,2020,0,Maskiner og transportmidler
719,Cocosøerne,2021,0,Maskiner og transportmidler
731,Colombia,2018,138407,Maskiner og transportmidler
732,Colombia,2019,119863,Maskiner og transportmidler
733,Colombia,2020,98800,Maskiner og transportmidler
734,Colombia,2021,143575,Maskiner og transportmidler
746,Comorerne,2018,1749,Maskiner og transportmidler
747,Comorerne,2019,2211,Maskiner og transportmidler
748,Comorerne,2020,1187,Maskiner og transportmidler
749,Comorerne,2021,1454,Maskiner og transportmidler
761,"Congo, Demokratiske Republik",2018,19259,Maskiner og transportmidler
762,"Congo, Demokratiske Republik",2019,28089,Maskiner og transportmidler
763,"Congo, Demokratiske Republik",2020,17675,Maskiner og transportmidler
764,"Congo, Demokratiske Republik",2021,11137,Maskiner og transportmidler
776,"Congo, Republikken",2018,23244,Maskiner og transportmidler
777,"Congo, Republikken",2019,6851,Maskiner og transportmidler
778,"Congo, Republikken",2020,9211,Maskiner og transportmidler
779,"Congo, Republikken",2021,12644,Maskiner og transportmidler
791,Cookøerne,2018,47,Maskiner og transportmidler
792,Cookøerne,2019,0,Maskiner og transportmidler
793,Cookøerne,2020,54,Maskiner og transportmidler
794,Cookøerne,2021,0,Maskiner og transportmidler
806,Costa Rica,2018,21867,Maskiner og transportmidler
807,Costa Rica,2019,20377,Maskiner og transportmidler
808,Costa Rica,2020,25673,Maskiner og transportmidler
809,Costa Rica,2021,73323,Maskiner og transportmidler
821,Cuba,2018,54209,Maskiner og transportmidler
822,Cuba,2019,68431,Maskiner og transportmidler
823,Cuba,2020,33823,Maskiner og transportmidler
824,Cuba,2021,29733,Maskiner og transportmidler
836,Curacao,2018,9160,Maskiner og transportmidler
837,Curacao,2019,5369,Maskiner og transportmidler
838,Curacao,2020,7492,Maskiner og transportmidler
839,Curacao,2021,5008,Maskiner og transportmidler
851,Cypern,2018,134178,Maskiner og transportmidler
852,Cypern,2019,130298,Maskiner og transportmidler
853,Cypern,2020,309120,Maskiner og transportmidler
854,Cypern,2021,130500,Maskiner og transportmidler
866,DDR,2018,0,Maskiner og transportmidler
867,DDR,2019,0,Maskiner og transportmidler
868,DDR,2020,0,Maskiner og transportmidler
869,DDR,2021,0,Maskiner og transportmidler
881,Diskretioneret,2018,0,Maskiner og transportmidler
882,Diskretioneret,2019,0,Maskiner og transportmidler
883,Diskretioneret,2020,0,Maskiner og transportmidler
884,Diskretioneret,2021,0,Maskiner og transportmidler
896,Djibouti,2018,7562,Maskiner og transportmidler
897,Djibouti,2019,23429,Maskiner og transportmidler
898,Djibouti,2020,11142,Maskiner og transportmidler
899,Djibouti,2021,5953,Maskiner og transportmidler
911,Dominica,2018,362,Maskiner og transportmidler
912,Dominica,2019,592,Maskiner og transportmidler
913,Dominica,2020,125,Maskiner og transportmidler
914,Dominica,2021,261,Maskiner og transportmidler
926,Dominikanske Republik,2018,54194,Maskiner og transportmidler
927,Dominikanske Republik,2019,38205,Maskiner og transportmidler
928,Dominikanske Republik,2020,32719,Maskiner og transportmidler
929,Dominikanske Republik,2021,505374,Maskiner og transportmidler
941,Ecuador,2018,52125,Maskiner og transportmidler
942,Ecuador,2019,229499,Maskiner og transportmidler
943,Ecuador,2020,51613,Maskiner og transportmidler
944,Ecuador,2021,39571,Maskiner og transportmidler
956,Egypten,2018,361136,Maskiner og transportmidler
957,Egypten,2019,447244,Maskiner og transportmidler
958,Egypten,2020,328686,Maskiner og transportmidler
959,Egypten,2021,381336,Maskiner og transportmidler
971,El Salvador,2018,13895,Maskiner og transportmidler
972,El Salvador,2019,8824,Maskiner og transportmidler
973,El Salvador,2020,17274,Maskiner og transportmidler
974,El Salvador,2021,15330,Maskiner og transportmidler
986,Elfenbenskysten,2018,28490,Maskiner og transportmidler
987,Elfenbenskysten,2019,32010,Maskiner og transportmidler
988,Elfenbenskysten,2020,74114,Maskiner og transportmidler
989,Elfenbenskysten,2021,33107,Maskiner og transportmidler
1001,Eritrea,2018,1677,Maskiner og transportmidler
1002,Eritrea,2019,3176,Maskiner og transportmidler
1003,Eritrea,2020,8197,Maskiner og transportmidler
1004,Eritrea,2021,2070,Maskiner og transportmidler
1016,Estland,2018,509824,Maskiner og transportmidler
1017,Estland,2019,419814,Maskiner og transportmidler
1018,Estland,2020,357135,Maskiner og transportmidler
1019,Estland,2021,545111,Maskiner og transportmidler
1031,Eswantini,2018,1061,Maskiner og transportmidler
1032,Eswantini,2019,273,Maskiner og transportmidler
1033,Eswantini,2020,734,Maskiner og transportmidler
1034,Eswantini,2021,1128,Maskiner og transportmidler
1046,Etiopien,2018,68368,Maskiner og transportmidler
1047,Etiopien,2019,66973,Maskiner og transportmidler
1048,Etiopien,2020,55137,Maskiner og transportmidler
1049,Etiopien,2021,107573,Maskiner og transportmidler
1061,Falklandsøerne,2018,8,Maskiner og transportmidler
1062,Falklandsøerne,2019,96,Maskiner og transportmidler
1063,Falklandsøerne,2020,93,Maskiner og transportmidler
1064,Falklandsøerne,2021,0,Maskiner og transportmidler
1076,Fiji,2018,3905,Maskiner og transportmidler
1077,Fiji,2019,3777,Maskiner og transportmidler
1078,Fiji,2020,6283,Maskiner og transportmidler
1079,Fiji,2021,11791,Maskiner og transportmidler
1091,Filippinerne,2018,314565,Maskiner og transportmidler
1092,Filippinerne,2019,249932,Maskiner og transportmidler
1093,Filippinerne,2020,175922,Maskiner og transportmidler
1094,Filippinerne,2021,200637,Maskiner og transportmidler
1106,Finland,2018,2656938,Maskiner og transportmidler
1107,Finland,2019,3199212,Maskiner og transportmidler
1108,Finland,2020,3166840,Maskiner og transportmidler
1109,Finland,2021,4440818,Maskiner og transportmidler
1121,Forenede Arabiske Emirater,2018,786578,Maskiner og transportmidler
1122,Forenede Arabiske Emirater,2019,998696,Maskiner og transportmidler
1123,Forenede Arabiske Emirater,2020,736837,Maskiner og transportmidler
1124,Forenede Arabiske Emirater,2021,709790,Maskiner og transportmidler
1136,Frankrig og Monaco,2018,7113326,Maskiner og transportmidler
1137,Frankrig og Monaco,2019,7284394,Maskiner og transportmidler
1138,Frankrig og Monaco,2020,7195711,Maskiner og transportmidler
1139,Frankrig og Monaco,2021,8358646,Maskiner og transportmidler
1151,Fransk Guyana,2018,0,Maskiner og transportmidler
1152,Fransk Guyana,2019,0,Maskiner og transportmidler
1153,Fransk Guyana,2020,0,Maskiner og transportmidler
1154,Fransk Guyana,2021,0,Maskiner og transportmidler
1166,Fransk Polynesien,2018,4658,Maskiner og transportmidler
1167,Fransk Polynesien,2019,5537,Maskiner og transportmidler
1168,Fransk Polynesien,2020,4150,Maskiner og transportmidler
1169,Fransk Polynesien,2021,2642,Maskiner og transportmidler
1181,Franske besiddelser i det sydlige Indiske Ocean,2018,12643,Maskiner og transportmidler
1182,Franske besiddelser i det sydlige Indiske Ocean,2019,5969,Maskiner og transportmidler
1183,Franske besiddelser i det sydlige Indiske Ocean,2020,4045,Maskiner og transportmidler
1184,Franske besiddelser i det sydlige Indiske Ocean,2021,5871,Maskiner og transportmidler
1196,Fremmede tropper i Tyskland,2018,0,Maskiner og transportmidler
1197,Fremmede tropper i Tyskland,2019,0,Maskiner og transportmidler
1198,Fremmede tropper i Tyskland,2020,0,Maskiner og transportmidler
1199,Fremmede tropper i Tyskland,2021,0,Maskiner og transportmidler
1211,Færøerne,2018,1139446,Maskiner og transportmidler
1212,Færøerne,2019,1426970,Maskiner og transportmidler
1213,Færøerne,2020,1122956,Maskiner og transportmidler
1214,Færøerne,2021,1227250,Maskiner og transportmidler
1226,Gabon,2018,5318,Maskiner og transportmidler
1227,Gabon,2019,5056,Maskiner og transportmidler
1228,Gabon,2020,3719,Maskiner og transportmidler
1229,Gabon,2021,9565,Maskiner og transportmidler
1241,Gambia,2018,8673,Maskiner og transportmidler
1242,Gambia,2019,5255,Maskiner og transportmidler
1243,Gambia,2020,5620,Maskiner og transportmidler
1244,Gambia,2021,6771,Maskiner og transportmidler
1256,Gaza og Jericho,2018,0,Maskiner og transportmidler
1257,Gaza og Jericho,2019,0,Maskiner og transportmidler
1258,Gaza og Jericho,2020,0,Maskiner og transportmidler
1259,Gaza og Jericho,2021,0,Maskiner og transportmidler
1271,Georgien,2018,18195,Maskiner og transportmidler
1272,Georgien,2019,16572,Maskiner og transportmidler
1273,Georgien,2020,15297,Maskiner og transportmidler
1274,Georgien,2021,18875,Maskiner og transportmidler
1286,Ghana,2018,125373,Maskiner og transportmidler
1287,Ghana,2019,151389,Maskiner og transportmidler
1288,Ghana,2020,157890,Maskiner og transportmidler
1289,Ghana,2021,113683,Maskiner og transportmidler
1301,Gibraltar,2018,8452,Maskiner og transportmidler
1302,Gibraltar,2019,7994,Maskiner og transportmidler
1303,Gibraltar,2020,10688,Maskiner og transportmidler
1304,Gibraltar,2021,6917,Maskiner og transportmidler
1316,Grenada,2018,374,Maskiner og transportmidler
1317,Grenada,2019,115,Maskiner og transportmidler
1318,Grenada,2020,20854,Maskiner og transportmidler
1319,Grenada,2021,831,Maskiner og transportmidler
1331,Grækenland,2018,644220,Maskiner og transportmidler
1332,Grækenland,2019,914493,Maskiner og transportmidler
1333,Grækenland,2020,698369,Maskiner og transportmidler
1334,Grækenland,2021,393498,Maskiner og transportmidler
1346,Grønland,2018,796092,Maskiner og transportmidler
1347,Grønland,2019,912530,Maskiner og transportmidler
1348,Grønland,2020,941589,Maskiner og transportmidler
1349,Grønland,2021,1013049,Maskiner og transportmidler
1361,Guadeloupe,2018,0,Maskiner og transportmidler
1362,Guadeloupe,2019,0,Maskiner og transportmidler
1363,Guadeloupe,2020,0,Maskiner og transportmidler
1364,Guadeloupe,2021,0,Maskiner og transportmidler
1376,Guam,2018,1324,Maskiner og transportmidler
1377,Guam,2019,9550,Maskiner og transportmidler
1378,Guam,2020,3034,Maskiner og transportmidler
1379,Guam,2021,5951,Maskiner og transportmidler
1391,Guatemala,2018,37027,Maskiner og transportmidler
1392,Guatemala,2019,34301,Maskiner og transportmidler
1393,Guatemala,2020,22855,Maskiner og transportmidler
1394,Guatemala,2021,31659,Maskiner og transportmidler
1406,Guinea,2018,18256,Maskiner og transportmidler
1407,Guinea,2019,9475,Maskiner og transportmidler
1408,Guinea,2020,7717,Maskiner og transportmidler
1409,Guinea,2021,17884,Maskiner og transportmidler
1421,Guinea-Bissau,2018,2150,Maskiner og transportmidler
1422,Guinea-Bissau,2019,2474,Maskiner og transportmidler
1423,Guinea-Bissau,2020,4268,Maskiner og transportmidler
1424,Guinea-Bissau,2021,5297,Maskiner og transportmidler
1436,Guyana,2018,2513,Maskiner og transportmidler
1437,Guyana,2019,6656,Maskiner og transportmidler
1438,Guyana,2020,22763,Maskiner og transportmidler
1439,Guyana,2021,5780,Maskiner og transportmidler
1451,Haiti,2018,26588,Maskiner og transportmidler
1452,Haiti,2019,4407,Maskiner og transportmidler
1453,Haiti,2020,2232,Maskiner og transportmidler
1454,Haiti,2021,2896,Maskiner og transportmidler
1466,Heard- og McDonaldøerne,2018,0,Maskiner og transportmidler
1467,Heard- og McDonaldøerne,2019,0,Maskiner og transportmidler
1468,Heard- og McDonaldøerne,2020,0,Maskiner og transportmidler
1469,Heard- og McDonaldøerne,2021,0,Maskiner og transportmidler
1481,Honduras,2018,10971,Maskiner og transportmidler
1482,Honduras,2019,17473,Maskiner og transportmidler
1483,Honduras,2020,32188,Maskiner og transportmidler
1484,Honduras,2021,15960,Maskiner og transportmidler
1496,Hongkong,2018,1954199,Maskiner og transportmidler
1497,Hongkong,2019,608763,Maskiner og transportmidler
1498,Hongkong,2020,598719,Maskiner og transportmidler
1499,Hongkong,2021,465895,Maskiner og transportmidler
1511,Indien,2018,1221853,Maskiner og transportmidler
1512,Indien,2019,1451936,Maskiner og transportmidler
1513,Indien,2020,1101005,Maskiner og transportmidler
1514,Indien,2021,1393654,Maskiner og transportmidler
1526,Indonesien,2018,378207,Maskiner og transportmidler
1527,Indonesien,2019,438828,Maskiner og transportmidler
1528,Indonesien,2020,348388,Maskiner og transportmidler
1529,Indonesien,2021,275764,Maskiner og transportmidler
1541,Irak,2018,73094,Maskiner og transportmidler
1542,Irak,2019,111303,Maskiner og transportmidler
1543,Irak,2020,118591,Maskiner og transportmidler
1544,Irak,2021,105624,Maskiner og transportmidler
1556,Iran,2018,253991,Maskiner og transportmidler
1557,Iran,2019,31240,Maskiner og transportmidler
1558,Iran,2020,20982,Maskiner og transportmidler
1559,Iran,2021,21642,Maskiner og transportmidler
1571,Irland,2018,1578145,Maskiner og transportmidler
1572,Irland,2019,1633340,Maskiner og transportmidler
1573,Irland,2020,1477485,Maskiner og transportmidler
1574,Irland,2021,1287280,Maskiner og transportmidler
1586,Island,2018,948687,Maskiner og transportmidler
1587,Island,2019,753971,Maskiner og transportmidler
1588,Island,2020,741657,Maskiner og transportmidler
1589,Island,2021,1365732,Maskiner og transportmidler
1601,Israel,2018,344435,Maskiner og transportmidler
1602,Israel,2019,338020,Maskiner og transportmidler
1603,Israel,2020,352016,Maskiner og transportmidler
1604,Israel,2021,460437,Maskiner og transportmidler
1616,Italien,2018,3920884,Maskiner og transportmidler
1617,Italien,2019,3719834,Maskiner og transportmidler
1618,Italien,2020,3263157,Maskiner og transportmidler
1619,Italien,2021,3887057,Maskiner og transportmidler
1631,Jamaica,2018,25268,Maskiner og transportmidler
1632,Jamaica,2019,15448,Maskiner og transportmidler
1633,Jamaica,2020,17993,Maskiner og transportmidler
1634,Jamaica,2021,14991,Maskiner og transportmidler
1646,Japan,2018,1668187,Maskiner og transportmidler
1647,Japan,2019,2286892,Maskiner og transportmidler
1648,Japan,2020,1460297,Maskiner og transportmidler
1649,Japan,2021,1863390,Maskiner og transportmidler
1661,Jordan,2018,114436,Maskiner og transportmidler
1662,Jordan,2019,143685,Maskiner og transportmidler
1663,Jordan,2020,61696,Maskiner og transportmidler
1664,Jordan,2021,62522,Maskiner og transportmidler
1676,Jugoslavien,2018,0,Maskiner og transportmidler
1677,Jugoslavien,2019,0,Maskiner og transportmidler
1678,Jugoslavien,2020,0,Maskiner og transportmidler
1679,Jugoslavien,2021,0,Maskiner og transportmidler
1691,Juleøen,2018,0,Maskiner og transportmidler
1692,Juleøen,2019,0,Maskiner og transportmidler
1693,Juleøen,2020,0,Maskiner og transportmidler
1694,Juleøen,2021,0,Maskiner og transportmidler
1706,Kanariske Øer,2018,0,Maskiner og transportmidler
1707,Kanariske Øer,2019,0,Maskiner og transportmidler
1708,Kanariske Øer,2020,0,Maskiner og transportmidler
1709,Kanariske Øer,2021,0,Maskiner og transportmidler
1721,Kap Verde,2018,3502,Maskiner og transportmidler
1722,Kap Verde,2019,3861,Maskiner og transportmidler
1723,Kap Verde,2020,2728,Maskiner og transportmidler
1724,Kap Verde,2021,9131,Maskiner og transportmidler
1736,Kasakhstan,2018,100252,Maskiner og transportmidler
1737,Kasakhstan,2019,90332,Maskiner og transportmidler
1738,Kasakhstan,2020,177697,Maskiner og transportmidler
1739,Kasakhstan,2021,73929,Maskiner og transportmidler
1751,Kenya,2018,94567,Maskiner og transportmidler
1752,Kenya,2019,93620,Maskiner og transportmidler
1753,Kenya,2020,68548,Maskiner og transportmidler
1754,Kenya,2021,79158,Maskiner og transportmidler
1766,Kina,2018,6417568,Maskiner og transportmidler
1767,Kina,2019,7291553,Maskiner og transportmidler
1768,Kina,2020,7595723,Maskiner og transportmidler
1769,Kina,2021,7453739,Maskiner og transportmidler
1781,Kirgisistan,2018,5248,Maskiner og transportmidler
1782,Kirgisistan,2019,25386,Maskiner og transportmidler
1783,Kirgisistan,2020,12118,Maskiner og transportmidler
1784,Kirgisistan,2021,5256,Maskiner og transportmidler
1796,Kosovo,2018,9500,Maskiner og transportmidler
1797,Kosovo,2019,12209,Maskiner og transportmidler
1798,Kosovo,2020,9422,Maskiner og transportmidler
1799,Kosovo,2021,15493,Maskiner og transportmidler
1811,Kroatien,2018,219593,Maskiner og transportmidler
1812,Kroatien,2019,228059,Maskiner og transportmidler
1813,Kroatien,2020,373829,Maskiner og transportmidler
1814,Kroatien,2021,201762,Maskiner og transportmidler
1826,Kuwait,2018,140900,Maskiner og transportmidler
1827,Kuwait,2019,134457,Maskiner og transportmidler
1828,Kuwait,2020,185238,Maskiner og transportmidler
1829,Kuwait,2021,87313,Maskiner og transportmidler
1841,Laos,2018,5630,Maskiner og transportmidler
1842,Laos,2019,3846,Maskiner og transportmidler
1843,Laos,2020,6194,Maskiner og transportmidler
1844,Laos,2021,14854,Maskiner og transportmidler
1856,Lesotho,2018,332,Maskiner og transportmidler
1857,Lesotho,2019,2602,Maskiner og transportmidler
1858,Lesotho,2020,262,Maskiner og transportmidler
1859,Lesotho,2021,1054,Maskiner og transportmidler
1871,Letland,2018,505850,Maskiner og transportmidler
1872,Letland,2019,433158,Maskiner og transportmidler
1873,Letland,2020,369922,Maskiner og transportmidler
1874,Letland,2021,531791,Maskiner og transportmidler
1886,Libanon,2018,68459,Maskiner og transportmidler
1887,Libanon,2019,65916,Maskiner og transportmidler
1888,Libanon,2020,29822,Maskiner og transportmidler
1889,Libanon,2021,43017,Maskiner og transportmidler
1901,Liberia,2018,5914,Maskiner og transportmidler
1902,Liberia,2019,6810,Maskiner og transportmidler
1903,Liberia,2020,8007,Maskiner og transportmidler
1904,Liberia,2021,138518,Maskiner og transportmidler
1916,Libyen,2018,83415,Maskiner og transportmidler
1917,Libyen,2019,39500,Maskiner og transportmidler
1918,Libyen,2020,53501,Maskiner og transportmidler
1919,Libyen,2021,19531,Maskiner og transportmidler
1931,Liechtenstein,2018,13090,Maskiner og transportmidler
1932,Liechtenstein,2019,11013,Maskiner og transportmidler
1933,Liechtenstein,2020,3158,Maskiner og transportmidler
1934,Liechtenstein,2021,9843,Maskiner og transportmidler
1946,Litauen,2018,1266289,Maskiner og transportmidler
1947,Litauen,2019,931132,Maskiner og transportmidler
1948,Litauen,2020,780638,Maskiner og transportmidler
1949,Litauen,2021,837267,Maskiner og transportmidler
1961,Luxembourg,2018,224414,Maskiner og transportmidler
1962,Luxembourg,2019,169351,Maskiner og transportmidler
1963,Luxembourg,2020,243944,Maskiner og transportmidler
1964,Luxembourg,2021,174110,Maskiner og transportmidler
1976,Macao,2018,7023,Maskiner og transportmidler
1977,Macao,2019,4162,Maskiner og transportmidler
1978,Macao,2020,2897,Maskiner og transportmidler
1979,Macao,2021,6536,Maskiner og transportmidler
1991,Madagaskar,2018,16060,Maskiner og transportmidler
1992,Madagaskar,2019,14434,Maskiner og transportmidler
1993,Madagaskar,2020,7406,Maskiner og transportmidler
1994,Madagaskar,2021,9254,Maskiner og transportmidler
2006,Malawi,2018,21288,Maskiner og transportmidler
2007,Malawi,2019,8141,Maskiner og transportmidler
2008,Malawi,2020,14322,Maskiner og transportmidler
2009,Malawi,2021,13223,Maskiner og transportmidler
2021,Malaysia,2018,353956,Maskiner og transportmidler
2022,Malaysia,2019,374345,Maskiner og transportmidler
2023,Malaysia,2020,403446,Maskiner og transportmidler
2024,Malaysia,2021,306507,Maskiner og transportmidler
2036,Maldiverne,2018,10631,Maskiner og transportmidler
2037,Maldiverne,2019,8031,Maskiner og transportmidler
2038,Maldiverne,2020,4696,Maskiner og transportmidler
2039,Maldiverne,2021,11635,Maskiner og transportmidler
2051,Mali,2018,58386,Maskiner og transportmidler
2052,Mali,2019,43397,Maskiner og transportmidler
2053,Mali,2020,44264,Maskiner og transportmidler
2054,Mali,2021,47288,Maskiner og transportmidler
2066,Malta,2018,40137,Maskiner og transportmidler
2067,Malta,2019,135232,Maskiner og transportmidler
2068,Malta,2020,60884,Maskiner og transportmidler
2069,Malta,2021,115117,Maskiner og transportmidler
2081,Marokko,2018,199091,Maskiner og transportmidler
2082,Marokko,2019,514947,Maskiner og transportmidler
2083,Marokko,2020,336441,Maskiner og transportmidler
2084,Marokko,2021,111770,Maskiner og transportmidler
2096,Marshalløerne,2018,2233283,Maskiner og transportmidler
2097,Marshalløerne,2019,256673,Maskiner og transportmidler
2098,Marshalløerne,2020,69675,Maskiner og transportmidler
2099,Marshalløerne,2021,1140495,Maskiner og transportmidler
2111,Martinique,2018,0,Maskiner og transportmidler
2112,Martinique,2019,0,Maskiner og transportmidler
2113,Martinique,2020,0,Maskiner og transportmidler
2114,Martinique,2021,0,Maskiner og transportmidler
2126,Mauritanien,2018,11526,Maskiner og transportmidler
2127,Mauritanien,2019,9203,Maskiner og transportmidler
2128,Mauritanien,2020,10500,Maskiner og transportmidler
2129,Mauritanien,2021,13732,Maskiner og transportmidler
2141,Mauritius,2018,15106,Maskiner og transportmidler
2142,Mauritius,2019,21670,Maskiner og transportmidler
2143,Mauritius,2020,15309,Maskiner og transportmidler
2144,Mauritius,2021,10584,Maskiner og transportmidler
2156,Mayotte,2018,0,Maskiner og transportmidler
2157,Mayotte,2019,0,Maskiner og transportmidler
2158,Mayotte,2020,0,Maskiner og transportmidler
2159,Mayotte,2021,0,Maskiner og transportmidler
2171,Melilla,2018,100,Maskiner og transportmidler
2172,Melilla,2019,0,Maskiner og transportmidler
2173,Melilla,2020,11,Maskiner og transportmidler
2174,Melilla,2021,0,Maskiner og transportmidler
2186,Mexico,2018,1381910,Maskiner og transportmidler
2187,Mexico,2019,1241111,Maskiner og transportmidler
2188,Mexico,2020,956426,Maskiner og transportmidler
2189,Mexico,2021,1374813,Maskiner og transportmidler
2201,Mikronesiske Stater,2018,296,Maskiner og transportmidler
2202,Mikronesiske Stater,2019,467,Maskiner og transportmidler
2203,Mikronesiske Stater,2020,18,Maskiner og transportmidler
2204,Mikronesiske Stater,2021,1552,Maskiner og transportmidler
2216,Moldova,2018,28539,Maskiner og transportmidler
2217,Moldova,2019,31202,Maskiner og transportmidler
2218,Moldova,2020,33390,Maskiner og transportmidler
2219,Moldova,2021,53671,Maskiner og transportmidler
2231,Mongoliet,2018,9456,Maskiner og transportmidler
2232,Mongoliet,2019,8719,Maskiner og transportmidler
2233,Mongoliet,2020,7171,Maskiner og transportmidler
2234,Mongoliet,2021,15928,Maskiner og transportmidler
2246,Montenegro,2018,6126,Maskiner og transportmidler
2247,Montenegro,2019,4601,Maskiner og transportmidler
2248,Montenegro,2020,4629,Maskiner og transportmidler
2249,Montenegro,2021,27702,Maskiner og transportmidler
2261,Montenegro (2005-2006),2018,0,Maskiner og transportmidler
2262,Montenegro (2005-2006),2019,0,Maskiner og transportmidler
2263,Montenegro (2005-2006),2020,0,Maskiner og transportmidler
2264,Montenegro (2005-2006),2021,0,Maskiner og transportmidler
2276,Montserrat,2018,0,Maskiner og transportmidler
2277,Montserrat,2019,47,Maskiner og transportmidler
2278,Montserrat,2020,0,Maskiner og transportmidler
2279,Montserrat,2021,0,Maskiner og transportmidler
2291,Mozambique,2018,8643,Maskiner og transportmidler
2292,Mozambique,2019,14394,Maskiner og transportmidler
2293,Mozambique,2020,30403,Maskiner og transportmidler
2294,Mozambique,2021,17761,Maskiner og transportmidler
2306,Myanmar,2018,20490,Maskiner og transportmidler
2307,Myanmar,2019,18573,Maskiner og transportmidler
2308,Myanmar,2020,17834,Maskiner og transportmidler
2309,Myanmar,2021,14327,Maskiner og transportmidler
2321,Namibia,2018,12763,Maskiner og transportmidler
2322,Namibia,2019,49104,Maskiner og transportmidler
2323,Namibia,2020,7969,Maskiner og transportmidler
2324,Namibia,2021,17999,Maskiner og transportmidler
2336,Nauru,2018,107,Maskiner og transportmidler
2337,Nauru,2019,61,Maskiner og transportmidler
2338,Nauru,2020,0,Maskiner og transportmidler
2339,Nauru,2021,55,Maskiner og transportmidler
2351,Nederlandene,2018,6494539,Maskiner og transportmidler
2352,Nederlandene,2019,10429533,Maskiner og transportmidler
2353,Nederlandene,2020,16470823,Maskiner og transportmidler
2354,Nederlandene,2021,8552454,Maskiner og transportmidler
2366,Nederlandske Antiller,2018,0,Maskiner og transportmidler
2367,Nederlandske Antiller,2019,0,Maskiner og transportmidler
2368,Nederlandske Antiller,2020,0,Maskiner og transportmidler
2369,Nederlandske Antiller,2021,0,Maskiner og transportmidler
2381,Nepal,2018,19505,Maskiner og transportmidler
2382,Nepal,2019,19444,Maskiner og transportmidler
2383,Nepal,2020,7367,Maskiner og transportmidler
2384,Nepal,2021,10241,Maskiner og transportmidler
2396,New Zealand,2018,381586,Maskiner og transportmidler
2397,New Zealand,2019,350648,Maskiner og transportmidler
2398,New Zealand,2020,562151,Maskiner og transportmidler
2399,New Zealand,2021,461781,Maskiner og transportmidler
2411,New Zealandsk Oceanien,2018,0,Maskiner og transportmidler
2412,New Zealandsk Oceanien,2019,0,Maskiner og transportmidler
2413,New Zealandsk Oceanien,2020,0,Maskiner og transportmidler
2414,New Zealandsk Oceanien,2021,0,Maskiner og transportmidler
2426,Nicaragua,2018,8315,Maskiner og transportmidler
2427,Nicaragua,2019,10288,Maskiner og transportmidler
2428,Nicaragua,2020,6432,Maskiner og transportmidler
2429,Nicaragua,2021,13458,Maskiner og transportmidler
2441,Niger,2018,10732,Maskiner og transportmidler
2442,Niger,2019,17261,Maskiner og transportmidler
2443,Niger,2020,11648,Maskiner og transportmidler
2444,Niger,2021,8846,Maskiner og transportmidler
2456,Nigeria,2018,155823,Maskiner og transportmidler
2457,Nigeria,2019,121367,Maskiner og transportmidler
2458,Nigeria,2020,162596,Maskiner og transportmidler
2459,Nigeria,2021,113248,Maskiner og transportmidler
2471,Niue,2018,0,Maskiner og transportmidler
2472,Niue,2019,0,Maskiner og transportmidler
2473,Niue,2020,0,Maskiner og transportmidler
2474,Niue,2021,0,Maskiner og transportmidler
2486,Nordkorea,2018,0,Maskiner og transportmidler
2487,Nordkorea,2019,0,Maskiner og transportmidler
2488,Nordkorea,2020,0,Maskiner og transportmidler
2489,Nordkorea,2021,0,Maskiner og transportmidler
2501,Nordmakedonien,2018,23562,Maskiner og transportmidler
2502,Nordmakedonien,2019,25050,Maskiner og transportmidler
2503,Nordmakedonien,2020,24491,Maskiner og transportmidler
2504,Nordmakedonien,2021,28236,Maskiner og transportmidler
2516,Nordmarianerne,2018,0,Maskiner og transportmidler
2517,Nordmarianerne,2019,0,Maskiner og transportmidler
2518,Nordmarianerne,2020,441,Maskiner og transportmidler
2519,Nordmarianerne,2021,229,Maskiner og transportmidler
2531,Norfolkøen,2018,0,Maskiner og transportmidler
2532,Norfolkøen,2019,0,Maskiner og transportmidler
2533,Norfolkøen,2020,0,Maskiner og transportmidler
2534,Norfolkøen,2021,0,Maskiner og transportmidler
2546,Norge,2018,10099916,Maskiner og transportmidler
2547,Norge,2019,12616665,Maskiner og transportmidler
2548,Norge,2020,10727478,Maskiner og transportmidler
2549,Norge,2021,11641551,Maskiner og transportmidler
2561,Ny Kaledonien,2018,5537,Maskiner og transportmidler
2562,Ny Kaledonien,2019,2415,Maskiner og transportmidler
2563,Ny Kaledonien,2020,4530,Maskiner og transportmidler
2564,Ny Kaledonien,2021,2215,Maskiner og transportmidler
2576,Oman,2018,144448,Maskiner og transportmidler
2577,Oman,2019,84676,Maskiner og transportmidler
2578,Oman,2020,81915,Maskiner og transportmidler
2579,Oman,2021,80037,Maskiner og transportmidler
2591,Pakistan,2018,284714,Maskiner og transportmidler
2592,Pakistan,2019,120041,Maskiner og transportmidler
2593,Pakistan,2020,97491,Maskiner og transportmidler
2594,Pakistan,2021,87850,Maskiner og transportmidler
2606,Palau,2018,16,Maskiner og transportmidler
2607,Palau,2019,59,Maskiner og transportmidler
2608,Palau,2020,216,Maskiner og transportmidler
2609,Palau,2021,8,Maskiner og transportmidler
2621,Panama,2018,93278,Maskiner og transportmidler
2622,Panama,2019,59904,Maskiner og transportmidler
2623,Panama,2020,72243,Maskiner og transportmidler
2624,Panama,2021,131455,Maskiner og transportmidler
2636,Panamakanalzonen,2018,0,Maskiner og transportmidler
2637,Panamakanalzonen,2019,0,Maskiner og transportmidler
2638,Panamakanalzonen,2020,0,Maskiner og transportmidler
2639,Panamakanalzonen,2021,0,Maskiner og transportmidler
2651,Papua Ny Guinea,2018,17085,Maskiner og transportmidler
2652,Papua Ny Guinea,2019,15975,Maskiner og transportmidler
2653,Papua Ny Guinea,2020,9955,Maskiner og transportmidler
2654,Papua Ny Guinea,2021,4930,Maskiner og transportmidler
2666,Paraguay,2018,22975,Maskiner og transportmidler
2667,Paraguay,2019,22786,Maskiner og transportmidler
2668,Paraguay,2020,37744,Maskiner og transportmidler
2669,Paraguay,2021,17542,Maskiner og transportmidler
2681,Peru,2018,126015,Maskiner og transportmidler
2682,Peru,2019,143055,Maskiner og transportmidler
2683,Peru,2020,164158,Maskiner og transportmidler
2684,Peru,2021,218267,Maskiner og transportmidler
2696,Pitcairn,2018,0,Maskiner og transportmidler
2697,Pitcairn,2019,0,Maskiner og transportmidler
2698,Pitcairn,2020,0,Maskiner og transportmidler
2699,Pitcairn,2021,0,Maskiner og transportmidler
2711,Polarområder,2018,0,Maskiner og transportmidler
2712,Polarområder,2019,0,Maskiner og transportmidler
2713,Polarområder,2020,0,Maskiner og transportmidler
2714,Polarområder,2021,0,Maskiner og transportmidler
2726,Polen,2018,4393028,Maskiner og transportmidler
2727,Polen,2019,5146838,Maskiner og transportmidler
2728,Polen,2020,5260221,Maskiner og transportmidler
2729,Polen,2021,5690746,Maskiner og transportmidler
2741,Portugal,2018,375563,Maskiner og transportmidler
2742,Portugal,2019,719116,Maskiner og transportmidler
2743,Portugal,2020,394986,Maskiner og transportmidler
2744,Portugal,2021,669966,Maskiner og transportmidler
2756,Portugisisk Timor,2018,0,Maskiner og transportmidler
2757,Portugisisk Timor,2019,0,Maskiner og transportmidler
2758,Portugisisk Timor,2020,0,Maskiner og transportmidler
2759,Portugisisk Timor,2021,0,Maskiner og transportmidler
2771,Puerto Rico,2018,0,Maskiner og transportmidler
2772,Puerto Rico,2019,0,Maskiner og transportmidler
2773,Puerto Rico,2020,0,Maskiner og transportmidler
2774,Puerto Rico,2021,0,Maskiner og transportmidler
2786,Qatar,2018,261656,Maskiner og transportmidler
2787,Qatar,2019,244230,Maskiner og transportmidler
2788,Qatar,2020,327841,Maskiner og transportmidler
2789,Qatar,2021,352767,Maskiner og transportmidler
2801,Reunion,2018,0,Maskiner og transportmidler
2802,Reunion,2019,0,Maskiner og transportmidler
2803,Reunion,2020,0,Maskiner og transportmidler
2804,Reunion,2021,0,Maskiner og transportmidler
2816,Rumænien,2018,608394,Maskiner og transportmidler
2817,Rumænien,2019,685339,Maskiner og transportmidler
2818,Rumænien,2020,708133,Maskiner og transportmidler
2819,Rumænien,2021,739096,Maskiner og transportmidler
2831,Rusland,2018,2103541,Maskiner og transportmidler
2832,Rusland,2019,2541846,Maskiner og transportmidler
2833,Rusland,2020,2460908,Maskiner og transportmidler
2834,Rusland,2021,2675136,Maskiner og transportmidler
2846,Rwanda,2018,4562,Maskiner og transportmidler
2847,Rwanda,2019,5036,Maskiner og transportmidler
2848,Rwanda,2020,6828,Maskiner og transportmidler
2849,Rwanda,2021,6211,Maskiner og transportmidler
2861,Saint-Barthelemy,2018,0,Maskiner og transportmidler
2862,Saint-Barthelemy,2019,3450,Maskiner og transportmidler
2863,Saint-Barthelemy,2020,33,Maskiner og transportmidler
2864,Saint-Barthelemy,2021,88,Maskiner og transportmidler
2876,Salomonøerne,2018,1855,Maskiner og transportmidler
2877,Salomonøerne,2019,122,Maskiner og transportmidler
2878,Salomonøerne,2020,2005,Maskiner og transportmidler
2879,Salomonøerne,2021,748,Maskiner og transportmidler
2891,Samoa,2018,813,Maskiner og transportmidler
2892,Samoa,2019,299,Maskiner og transportmidler
2893,Samoa,2020,462,Maskiner og transportmidler
2894,Samoa,2021,1767,Maskiner og transportmidler
2906,San Marino,2018,85,Maskiner og transportmidler
2907,San Marino,2019,554,Maskiner og transportmidler
2908,San Marino,2020,192,Maskiner og transportmidler
2909,San Marino,2021,515,Maskiner og transportmidler
2921,Sao Tomé og  Principe,2018,811,Maskiner og transportmidler
2922,Sao Tomé og  Principe,2019,462,Maskiner og transportmidler
2923,Sao Tomé og  Principe,2020,123,Maskiner og transportmidler
2924,Sao Tomé og  Principe,2021,1749,Maskiner og transportmidler
2936,Saudi-Arabien,2018,540516,Maskiner og transportmidler
2937,Saudi-Arabien,2019,547399,Maskiner og transportmidler
2938,Saudi-Arabien,2020,522431,Maskiner og transportmidler
2939,Saudi-Arabien,2021,562232,Maskiner og transportmidler
2951,Schweiz,2018,1234121,Maskiner og transportmidler
2952,Schweiz,2019,1422592,Maskiner og transportmidler
2953,Schweiz,2020,1501534,Maskiner og transportmidler
2954,Schweiz,2021,1590636,Maskiner og transportmidler
2966,Senegal,2018,25278,Maskiner og transportmidler
2967,Senegal,2019,231083,Maskiner og transportmidler
2968,Senegal,2020,22560,Maskiner og transportmidler
2969,Senegal,2021,72900,Maskiner og transportmidler
2981,Serbien,2018,777955,Maskiner og transportmidler
2982,Serbien,2019,509864,Maskiner og transportmidler
2983,Serbien,2020,607355,Maskiner og transportmidler
2984,Serbien,2021,678078,Maskiner og transportmidler
2996,Seychellerne,2018,4837,Maskiner og transportmidler
2997,Seychellerne,2019,26966,Maskiner og transportmidler
2998,Seychellerne,2020,3492,Maskiner og transportmidler
2999,Seychellerne,2021,10994,Maskiner og transportmidler
3011,Sierra Leone,2018,8534,Maskiner og transportmidler
3012,Sierra Leone,2019,9270,Maskiner og transportmidler
3013,Sierra Leone,2020,7025,Maskiner og transportmidler
3014,Sierra Leone,2021,5109,Maskiner og transportmidler
3026,Singapore,2018,1275879,Maskiner og transportmidler
3027,Singapore,2019,2242759,Maskiner og transportmidler
3028,Singapore,2020,1534957,Maskiner og transportmidler
3029,Singapore,2021,2367061,Maskiner og transportmidler
3041,Skt. Helena,2018,94,Maskiner og transportmidler
3042,Skt. Helena,2019,0,Maskiner og transportmidler
3043,Skt. Helena,2020,0,Maskiner og transportmidler
3044,Skt. Helena,2021,0,Maskiner og transportmidler
3056,Skt. Kitts og Nevis,2018,775,Maskiner og transportmidler
3057,Skt. Kitts og Nevis,2019,1472,Maskiner og transportmidler
3058,Skt. Kitts og Nevis,2020,711,Maskiner og transportmidler
3059,Skt. Kitts og Nevis,2021,6271,Maskiner og transportmidler
3071,Skt. Lucia,2018,520,Maskiner og transportmidler
3072,Skt. Lucia,2019,416,Maskiner og transportmidler
3073,Skt. Lucia,2020,1048,Maskiner og transportmidler
3074,Skt. Lucia,2021,317,Maskiner og transportmidler
3086,Skt. Martin (NL),2018,2041,Maskiner og transportmidler
3087,Skt. Martin (NL),2019,5641,Maskiner og transportmidler
3088,Skt. Martin (NL),2020,495,Maskiner og transportmidler
3089,Skt. Martin (NL),2021,483,Maskiner og transportmidler
3101,Skt. Pierre og Miquelon,2018,162,Maskiner og transportmidler
3102,Skt. Pierre og Miquelon,2019,101,Maskiner og transportmidler
3103,Skt. Pierre og Miquelon,2020,2383,Maskiner og transportmidler
3104,Skt. Pierre og Miquelon,2021,0,Maskiner og transportmidler
3116,Skt. Vincent og Grenadinerne,2018,1523,Maskiner og transportmidler
3117,Skt. Vincent og Grenadinerne,2019,68476,Maskiner og transportmidler
3118,Skt. Vincent og Grenadinerne,2020,64369,Maskiner og transportmidler
3119,Skt. Vincent og Grenadinerne,2021,80844,Maskiner og transportmidler
3131,Slovakiet,2018,608073,Maskiner og transportmidler
3132,Slovakiet,2019,666123,Maskiner og transportmidler
3133,Slovakiet,2020,596172,Maskiner og transportmidler
3134,Slovakiet,2021,598114,Maskiner og transportmidler
3146,Slovenien,2018,216279,Maskiner og transportmidler
3147,Slovenien,2019,254161,Maskiner og transportmidler
3148,Slovenien,2020,207275,Maskiner og transportmidler
3149,Slovenien,2021,333060,Maskiner og transportmidler
3161,Somalia,2018,17306,Maskiner og transportmidler
3162,Somalia,2019,6035,Maskiner og transportmidler
3163,Somalia,2020,11554,Maskiner og transportmidler
3164,Somalia,2021,16787,Maskiner og transportmidler
3176,South Georgia og De Sydlige Sandwichøer,2018,0,Maskiner og transportmidler
3177,South Georgia og De Sydlige Sandwichøer,2019,0,Maskiner og transportmidler
3178,South Georgia og De Sydlige Sandwichøer,2020,0,Maskiner og transportmidler
3179,South Georgia og De Sydlige Sandwichøer,2021,0,Maskiner og transportmidler
3191,Sovjetunionen,2018,0,Maskiner og transportmidler
3192,Sovjetunionen,2019,0,Maskiner og transportmidler
3193,Sovjetunionen,2020,0,Maskiner og transportmidler
3194,Sovjetunionen,2021,0,Maskiner og transportmidler
3206,Spanien,2018,3846272,Maskiner og transportmidler
3207,Spanien,2019,3331903,Maskiner og transportmidler
3208,Spanien,2020,2524113,Maskiner og transportmidler
3209,Spanien,2021,2943607,Maskiner og transportmidler
3221,Sri Lanka,2018,114054,Maskiner og transportmidler
3222,Sri Lanka,2019,116930,Maskiner og transportmidler
3223,Sri Lanka,2020,108358,Maskiner og transportmidler
3224,Sri Lanka,2021,113430,Maskiner og transportmidler
3236,Storbritannien,2018,14988782,Maskiner og transportmidler
3237,Storbritannien,2019,14502271,Maskiner og transportmidler
3238,Storbritannien,2020,8901222,Maskiner og transportmidler
3239,Storbritannien,2021,16307857,Maskiner og transportmidler
3251,Sudan,2018,24800,Maskiner og transportmidler
3252,Sudan,2019,52830,Maskiner og transportmidler
3253,Sudan,2020,45248,Maskiner og transportmidler
3254,Sudan,2021,47156,Maskiner og transportmidler
3266,Suriname,2018,2224,Maskiner og transportmidler
3267,Suriname,2019,1421,Maskiner og transportmidler
3268,Suriname,2020,22366,Maskiner og transportmidler
3269,Suriname,2021,49813,Maskiner og transportmidler
3281,Svalbard,2018,0,Maskiner og transportmidler
3282,Svalbard,2019,0,Maskiner og transportmidler
3283,Svalbard,2020,0,Maskiner og transportmidler
3284,Svalbard,2021,0,Maskiner og transportmidler
3296,Sverige,2018,13558708,Maskiner og transportmidler
3297,Sverige,2019,14062337,Maskiner og transportmidler
3298,Sverige,2020,13434970,Maskiner og transportmidler
3299,Sverige,2021,15690538,Maskiner og transportmidler
3311,Sydafrika,2018,622753,Maskiner og transportmidler
3312,Sydafrika,2019,1101594,Maskiner og transportmidler
3313,Sydafrika,2020,511960,Maskiner og transportmidler
3314,Sydafrika,2021,487798,Maskiner og transportmidler
3326,Sydkorea,2018,1905336,Maskiner og transportmidler
3327,Sydkorea,2019,1973307,Maskiner og transportmidler
3328,Sydkorea,2020,1883424,Maskiner og transportmidler
3329,Sydkorea,2021,1757893,Maskiner og transportmidler
3341,Sydsudan,2018,16698,Maskiner og transportmidler
3342,Sydsudan,2019,18750,Maskiner og transportmidler
3343,Sydsudan,2020,15395,Maskiner og transportmidler
3344,Sydsudan,2021,13179,Maskiner og transportmidler
3356,Sydyemen,2018,0,Maskiner og transportmidler
3357,Sydyemen,2019,0,Maskiner og transportmidler
3358,Sydyemen,2020,0,Maskiner og transportmidler
3359,Sydyemen,2021,0,Maskiner og transportmidler
3371,Syrien,2018,12473,Maskiner og transportmidler
3372,Syrien,2019,7389,Maskiner og transportmidler
3373,Syrien,2020,4220,Maskiner og transportmidler
3374,Syrien,2021,3100,Maskiner og transportmidler
3386,Tadsjikistan,2018,3869,Maskiner og transportmidler
3387,Tadsjikistan,2019,4410,Maskiner og transportmidler
3388,Tadsjikistan,2020,7093,Maskiner og transportmidler
3389,Tadsjikistan,2021,6937,Maskiner og transportmidler
3401,Taiwan,2018,610990,Maskiner og transportmidler
3402,Taiwan,2019,1128254,Maskiner og transportmidler
3403,Taiwan,2020,1156462,Maskiner og transportmidler
3404,Taiwan,2021,5033097,Maskiner og transportmidler
3416,Tanzania,2018,24426,Maskiner og transportmidler
3417,Tanzania,2019,19861,Maskiner og transportmidler
3418,Tanzania,2020,34644,Maskiner og transportmidler
3419,Tanzania,2021,18953,Maskiner og transportmidler
3431,Tchad,2018,8908,Maskiner og transportmidler
3432,Tchad,2019,11140,Maskiner og transportmidler
3433,Tchad,2020,7973,Maskiner og transportmidler
3434,Tchad,2021,11274,Maskiner og transportmidler
3446,Thailand,2018,552456,Maskiner og transportmidler
3447,Thailand,2019,612338,Maskiner og transportmidler
3448,Thailand,2020,527471,Maskiner og transportmidler
3449,Thailand,2021,598710,Maskiner og transportmidler
3461,Tjekkiet,2018,1458481,Maskiner og transportmidler
3462,Tjekkiet,2019,1338860,Maskiner og transportmidler
3463,Tjekkiet,2020,1224259,Maskiner og transportmidler
3464,Tjekkiet,2021,1576124,Maskiner og transportmidler
3476,Tjekkoslovakiet,2018,0,Maskiner og transportmidler
3477,Tjekkoslovakiet,2019,0,Maskiner og transportmidler
3478,Tjekkoslovakiet,2020,0,Maskiner og transportmidler
3479,Tjekkoslovakiet,2021,0,Maskiner og transportmidler
3491,Togo,2018,10257,Maskiner og transportmidler
3492,Togo,2019,11243,Maskiner og transportmidler
3493,Togo,2020,15505,Maskiner og transportmidler
3494,Togo,2021,17246,Maskiner og transportmidler
3506,Tokelau,2018,0,Maskiner og transportmidler
3507,Tokelau,2019,0,Maskiner og transportmidler
3508,Tokelau,2020,31,Maskiner og transportmidler
3509,Tokelau,2021,88,Maskiner og transportmidler
3521,Tonga,2018,123,Maskiner og transportmidler
3522,Tonga,2019,21,Maskiner og transportmidler
3523,Tonga,2020,180,Maskiner og transportmidler
3524,Tonga,2021,60,Maskiner og transportmidler
3536,Trinidad og Tobago,2018,43186,Maskiner og transportmidler
3537,Trinidad og Tobago,2019,23376,Maskiner og transportmidler
3538,Trinidad og Tobago,2020,29565,Maskiner og transportmidler
3539,Trinidad og Tobago,2021,40596,Maskiner og transportmidler
3551,Tunesien,2018,61869,Maskiner og transportmidler
3552,Tunesien,2019,44742,Maskiner og transportmidler
3553,Tunesien,2020,44254,Maskiner og transportmidler
3554,Tunesien,2021,54219,Maskiner og transportmidler
3566,Turkmenistan,2018,4978,Maskiner og transportmidler
3567,Turkmenistan,2019,3457,Maskiner og transportmidler
3568,Turkmenistan,2020,2595,Maskiner og transportmidler
3569,Turkmenistan,2021,5320,Maskiner og transportmidler
3581,Turks- og Caicosøerne,2018,1145,Maskiner og transportmidler
3582,Turks- og Caicosøerne,2019,434,Maskiner og transportmidler
3583,Turks- og Caicosøerne,2020,657,Maskiner og transportmidler
3584,Turks- og Caicosøerne,2021,1373,Maskiner og transportmidler
3596,Tuvalu,2018,0,Maskiner og transportmidler
3597,Tuvalu,2019,0,Maskiner og transportmidler
3598,Tuvalu,2020,0,Maskiner og transportmidler
3599,Tuvalu,2021,0,Maskiner og transportmidler
3611,Tyrkiet,2018,1532105,Maskiner og transportmidler
3612,Tyrkiet,2019,2940307,Maskiner og transportmidler
3613,Tyrkiet,2020,1696530,Maskiner og transportmidler
3614,Tyrkiet,2021,1809101,Maskiner og transportmidler
3626,Tyskland,2018,29133282,Maskiner og transportmidler
3627,Tyskland,2019,31369511,Maskiner og transportmidler
3628,Tyskland,2020,23127082,Maskiner og transportmidler
3629,Tyskland,2021,24889502,Maskiner og transportmidler
3641,USA,2018,12442885,Maskiner og transportmidler
3642,USA,2019,14491172,Maskiner og transportmidler
3643,USA,2020,14055964,Maskiner og transportmidler
3644,USA,2021,14217876,Maskiner og transportmidler
3656,USAs mindre øbesiddelser,2018,115,Maskiner og transportmidler
3657,USAs mindre øbesiddelser,2019,7,Maskiner og transportmidler
3658,USAs mindre øbesiddelser,2020,0,Maskiner og transportmidler
3659,USAs mindre øbesiddelser,2021,216,Maskiner og transportmidler
3671,Uganda,2018,56415,Maskiner og transportmidler
3672,Uganda,2019,42609,Maskiner og transportmidler
3673,Uganda,2020,38265,Maskiner og transportmidler
3674,Uganda,2021,61492,Maskiner og transportmidler
3686,Ukraine,2018,785857,Maskiner og transportmidler
3687,Ukraine,2019,972162,Maskiner og transportmidler
3688,Ukraine,2020,567771,Maskiner og transportmidler
3689,Ukraine,2021,855576,Maskiner og transportmidler
3701,Ungarn,2018,1498318,Maskiner og transportmidler
3702,Ungarn,2019,1374910,Maskiner og transportmidler
3703,Ungarn,2020,1268842,Maskiner og transportmidler
3704,Ungarn,2021,1496932,Maskiner og transportmidler
3716,Uoplyst land,2018,0,Maskiner og transportmidler
3717,Uoplyst land,2019,0,Maskiner og transportmidler
3718,Uoplyst land,2020,0,Maskiner og transportmidler
3719,Uoplyst land,2021,0,Maskiner og transportmidler
3731,Uoplyst land 3. Lande,2018,16728,Maskiner og transportmidler
3732,Uoplyst land 3. Lande,2019,29638,Maskiner og transportmidler
3733,Uoplyst land 3. Lande,2020,98072,Maskiner og transportmidler
3734,Uoplyst land 3. Lande,2021,111840,Maskiner og transportmidler
3746,Uoplyst land EU-lande,2018,30,Maskiner og transportmidler
3747,Uoplyst land EU-lande,2019,0,Maskiner og transportmidler
3748,Uoplyst land EU-lande,2020,13,Maskiner og transportmidler
3749,Uoplyst land EU-lande,2021,0,Maskiner og transportmidler
3761,Uruguay,2018,80108,Maskiner og transportmidler
3762,Uruguay,2019,57198,Maskiner og transportmidler
3763,Uruguay,2020,45322,Maskiner og transportmidler
3764,Uruguay,2021,75191,Maskiner og transportmidler
3776,Usbekistan,2018,43568,Maskiner og transportmidler
3777,Usbekistan,2019,44299,Maskiner og transportmidler
3778,Usbekistan,2020,7432,Maskiner og transportmidler
3779,Usbekistan,2021,11732,Maskiner og transportmidler
3791,Vanuatu,2018,357,Maskiner og transportmidler
3792,Vanuatu,2019,38,Maskiner og transportmidler
3793,Vanuatu,2020,50,Maskiner og transportmidler
3794,Vanuatu,2021,48,Maskiner og transportmidler
3806,Vatikanstaten,2018,0,Maskiner og transportmidler
3807,Vatikanstaten,2019,0,Maskiner og transportmidler
3808,Vatikanstaten,2020,0,Maskiner og transportmidler
3809,Vatikanstaten,2021,0,Maskiner og transportmidler
3821,Venezuela,2018,24315,Maskiner og transportmidler
3822,Venezuela,2019,6739,Maskiner og transportmidler
3823,Venezuela,2020,9565,Maskiner og transportmidler
3824,Venezuela,2021,10168,Maskiner og transportmidler
3836,Vestbredden og Gaza,2018,1719,Maskiner og transportmidler
3837,Vestbredden og Gaza,2019,1042,Maskiner og transportmidler
3838,Vestbredden og Gaza,2020,675,Maskiner og transportmidler
3839,Vestbredden og Gaza,2021,1170,Maskiner og transportmidler
3851,Vestindiske Øer,2018,0,Maskiner og transportmidler
3852,Vestindiske Øer,2019,0,Maskiner og transportmidler
3853,Vestindiske Øer,2020,0,Maskiner og transportmidler
3854,Vestindiske Øer,2021,0,Maskiner og transportmidler
3866,Vestsahara,2018,0,Maskiner og transportmidler
3867,Vestsahara,2019,0,Maskiner og transportmidler
3868,Vestsahara,2020,0,Maskiner og transportmidler
3869,Vestsahara,2021,0,Maskiner og transportmidler
3881,Vietnam,2018,538978,Maskiner og transportmidler
3882,Vietnam,2019,263580,Maskiner og transportmidler
3883,Vietnam,2020,328484,Maskiner og transportmidler
3884,Vietnam,2021,518240,Maskiner og transportmidler
3896,Wallis og Futuna,2018,0,Maskiner og transportmidler
3897,Wallis og Futuna,2019,0,Maskiner og transportmidler
3898,Wallis og Futuna,2020,0,Maskiner og transportmidler
3899,Wallis og Futuna,2021,0,Maskiner og transportmidler
3911,Yemen,2018,9586,Maskiner og transportmidler
3912,Yemen,2019,10373,Maskiner og transportmidler
3913,Yemen,2020,5286,Maskiner og transportmidler
3914,Yemen,2021,5044,Maskiner og transportmidler
3926,Zambia,2018,8869,Maskiner og transportmidler
3927,Zambia,2019,14000,Maskiner og transportmidler
3928,Zambia,2020,10778,Maskiner og transportmidler
3929,Zambia,2021,12357,Maskiner og transportmidler
3941,Zimbabwe,2018,28940,Maskiner og transportmidler
3942,Zimbabwe,2019,30478,Maskiner og transportmidler
3943,Zimbabwe,2020,19429,Maskiner og transportmidler
3944,Zimbabwe,2021,22786,Maskiner og transportmidler
3956,Ækvatorialguinea,2018,1929,Maskiner og transportmidler
3957,Ækvatorialguinea,2019,2215,Maskiner og transportmidler
3958,Ækvatorialguinea,2020,3220,Maskiner og transportmidler
3959,Ækvatorialguinea,2021,3356,Maskiner og transportmidler
3971,Østrig,2018,1979174,Maskiner og transportmidler
3972,Østrig,2019,1853188,Maskiner og transportmidler
3973,Østrig,2020,1476688,Maskiner og transportmidler
3974,Østrig,2021,1978263,Maskiner og transportmidler
3986,Østtimor,2018,795,Maskiner og transportmidler
3987,Østtimor,2019,2396,Maskiner og transportmidler
3988,Østtimor,2020,1328,Maskiner og transportmidler
3989,Østtimor,2021,2220,Maskiner og transportmidler
